Name,Symbol,Side,Status,Filled,Total Qty,Price,Avg Price,Time-in-Force,Placed Time,Filled Time
SPXW 09/15/2023 00:00:00 EDT Put $4420.00,SPXW 09/15/2023 00:00:00 EDT Put $4420.00,Buy,Filled,1,1,@4.20,4.20,DAY,09/15/2023 10:15:30 EDT,09/15/2023 10:16:00 EDT
SPXW 09/15/2023 00:00:00 EDT Call $4460.00,SPXW 09/15/2023 00:00:00 EDT Call $4460.00,Sell,Filled,1,1,@1.50,1.50,DAY,09/15/2023 09:45:12 EDT,09/15/2023 09:45:30 EDT
SPXW 09/14/2023 00:00:00 EDT Put $4415.00,SPXW 09/14/2023 00:00:00 EDT Put $4415.00,Buy,Filled,1,1,@3.80,3.80,DAY,09/14/2023 14:30:45 EDT,09/14/2023 14:31:10 EDT
SPXW 09/14/2023 00:00:00 EDT Call $4450.00,SPXW 09/14/2023 00:00:00 EDT Call $4450.00,Sell,Filled,1,1,@2.10,2.10,DAY,09/14/2023 13:20:30 EDT,09/14/2023 13:20:45 EDT
SPXW 09/13/2023 00:00:00 EDT Put $4400.00,SPXW 09/13/2023 00:00:00 EDT Put $4400.00,Buy,Filled,1,1,@3.50,3.50,DAY,09/13/2023 11:10:20 EDT,09/13/2023 11:10:40 EDT
SPXW 09/13/2023 00:00:00 EDT Call $4445.00,SPXW 09/13/2023 00:00:00 EDT Call $4445.00,Sell,Filled,1,1,@1.80,1.80,DAY,09/13/2023 10:05:15 EDT,09/13/2023 10:05:30 EDT
SPXW 09/12/2023 00:00:00 EDT Put $4395.00,SPXW 09/12/2023 00:00:00 EDT Put $4395.00,Buy,Filled,1,1,@3.20,3.20,DAY,09/12/2023 15:45:50 EDT,09/12/2023 15:46:10 EDT
SPXW 09/12/2023 00:00:00 EDT Call $4440.00,SPXW 09/12/2023 00:00:00 EDT Call $4440.00,Sell,Filled,1,1,@2.00,2.00,DAY,09/12/2023 14:30:25 EDT,09/12/2023 14:30:40 EDT
SPXW 09/11/2023 00:00:00 EDT Put $4390.00,SPXW 09/11/2023 00:00:00 EDT Put $4390.00,Buy,Filled,1,1,@3.00,3.00,DAY,09/11/2023 13:15:35 EDT,09/11/2023 13:15:50 EDT
SPXW 09/11/2023 00:00:00 EDT Call $4435.00,SPXW 09/11/2023 00:00:00 EDT Call $4435.00,Sell,Filled,1,1,@1.70,1.70,DAY,09/11/2023 12:00:10 EDT,09/11/2023 12:00:25 EDT
SPXW 09/10/2023 00:00:00 EDT Put $4385.00,SPXW 09/10/2023 00:00:00 EDT Put $4385.00,Buy,Filled,1,1,@2.90,2.90,DAY,09/10/2023 11:45:45 EDT,09/10/2023 11:46:00 EDT
SPXW 09/10/2023 00:00:00 EDT Call $4430.00,SPXW 09/10/2023 00:00:00 EDT Call $4430.00,Sell,Filled,1,1,@1.60,1.60,DAY,09/10/2023 10:30:20 EDT,09/10/2023 10:30:35 EDT
SPXW 09/09/2023 00:00:00 EDT Put $4380.00,SPXW 09/09/2023 00:00:00 EDT Put $4380.00,Buy,Filled,1,1,@2.80,2.80,DAY,09/09/2023 09:15:55 EDT,09/09/2023 09:16:10 EDT
SPXW 09/09/2023 00:00:00 EDT Call $4425.00,SPXW 09/09/2023 00:00:00 EDT Call $4425.00,Sell,Filled,1,1,@1.50,1.50,DAY,09/09/2023 08:00:30 EDT,09/09/2023 08:00:45 EDT
SPXW 09/08/2023 00:00:00 EDT Put $4375.00,SPXW 09/08/2023 00:00:00 EDT Put $4375.00,Buy,Filled,1,1,@2.70,2.70,DAY,09/08/2023 15:45:10 EDT,09/08/2023 15:45:25 EDT
SPXW 09/08/2023 00:00:00 EDT Call $4420.00,SPXW 09/08/2023 00:00:00 EDT Call $4420.00,Sell,Filled,1,1,@1.40,1.40,DAY,09/08/2023 14:30:45 EDT,09/08/2023 14:31:00 EDT
SPXW 09/07/2023 00:00:00 EDT Put $4370.00,SPXW 09/07/2023 00:00:00 EDT Put $4370.00,Buy,Filled,1,1,@2.60,2.60,DAY,09/07/2023 13:15:20 EDT,09/07/2023 13:15:35 EDT
SPXW 09/07/2023 00:00:00 EDT Call $4415.00,SPXW 09/07/2023 00:00:00 EDT Call $4415.00,Sell,Filled,1,1,@1.30,1.30,DAY,09/07/2023 12:00:55 EDT,09/07/2023 12:01:10 EDT
SPXW 09/06/2023 00:00:00 EDT Put $4365.00,SPXW 09/06/2023 00:00:00 EDT Put $4365.00,Buy,Filled,1,1,@2.50,2.50,DAY,09/06/2023 10:45:30 EDT,09/06/2023 10:45:45 EDT
SPXW 09/06/2023 00:00:00 EDT Call $4410.00,SPXW 09/06/2023 00:00:00 EDT Call $4410.00,Sell,Filled,1,1,@1.20,1.20,DAY,09/06/2023 09:30:05 EDT,09/06/2023 09:30:20 EDT
SPXW 08/28/2023 00:00:00 EDT Put $4410.00,SPXW 08/28/2023 00:00:00 EDT Put $4410.00,Buy,Filled,1,1,@3.60,3.60,DAY,08/28/2023 13:57:17 EDT,08/28/2023 13:58:39 EDT
SPXW 08/28/2023 00:00:00 EDT Put $4405.00,SPXW 08/28/2023 00:00:00 EDT Put $4405.00,Sell,Filled,1,1,@0.500,0.500,DAY,08/28/2023 13:38:15 EDT,08/28/2023 13:38:16 EDT
SPXW 08/28/2023 00:00:00 EDT Call $4455.00,SPXW 08/28/2023 00:00:00 EDT Call $4455.00,Sell,Filled,1,1,@0.300,0.300,DAY,08/28/2023 13:38:09 EDT,08/28/2023 13:38:10 EDT
SPXW 08/28/2023 00:00:00 EDT Put $4405.00,SPXW 08/28/2023 00:00:00 EDT Put $4405.00,Buy,Filled,1,1,@3.00,3.00,DAY,08/28/2023 09:49:40 EDT,08/28/2023 09:49:40 EDT
SPXW 08/28/2023 00:00:00 EDT Call $4455.00,SPXW 08/28/2023 00:00:00 EDT Call $4455.00,Buy,Filled,1,1,@2.50,2.50,DAY,08/28/2023 09:48:23 EDT,08/28/2023 09:48:24 EDT
SPXW 08/28/2023 00:00:00 EDT Put $4405.00,SPXW 08/28/2023 00:00:00 EDT Put $4405.00,Sell,Filled,1,1,@2.35,2.35,DAY,08/28/2023 09:47:23 EDT,08/28/2023 09:47:39 EDT
SPXW 08/28/2023 00:00:00 EDT Put $4405.00,SPXW 08/28/2023 00:00:00 EDT Put $4405.00,Buy,Filled,1,1,@2.80,2.80,DAY,08/28/2023 09:46:34 EDT,08/28/2023 09:46:38 EDT
SPXW 08/24/2023 00:00:00 EDT Call $4430.00,SPXW 08/24/2023 00:00:00 EDT Call $4430.00,Sell,Filled,1,1,@2.45,2.45,DAY,08/24/2023 11:26:09 EDT,08/24/2023 11:26:11 EDT
SPXW 08/24/2023 00:00:00 EDT Call $4430.00,SPXW 08/24/2023 00:00:00 EDT Call $4430.00,Buy,Filled,1,1,@3.20,3.20,DAY,08/24/2023 11:10:12 EDT,08/24/2023 11:10:13 EDT
SPXW 08/24/2023 00:00:00 EDT Call $4430.00,SPXW 08/24/2023 00:00:00 EDT Call $4430.00,Sell,Filled,1,1,@2.80,2.80,DAY,08/24/2023 11:08:22 EDT,08/24/2023 11:08:23 EDT
SPXW 08/24/2023 00:00:00 EDT Call $4430.00,SPXW 08/24/2023 00:00:00 EDT Call $4430.00,Sell,Cancelled,0,1,@3.20,,DAY,08/24/2023 11:06:52 EDT,
SPXW 08/24/2023 00:00:00 EDT Call $4430.00,SPXW 08/24/2023 00:00:00 EDT Call $4430.00,Buy,Filled,1,1,@3.50,3.50,DAY,08/24/2023 11:05:20 EDT,08/24/2023 11:05:30 EDT
SPXW 08/24/2023 00:00:00 EDT Call $4440.00,SPXW 08/24/2023 00:00:00 EDT Call $4440.00,Sell,Filled,1,1,@2.85,2.85,DAY,08/24/2023 10:57:54 EDT,08/24/2023 10:57:55 EDT
SPXW 08/24/2023 00:00:00 EDT Call $4440.00,SPXW 08/24/2023 00:00:00 EDT Call $4440.00,Buy,Filled,1,1,@2.90,2.90,DAY,08/24/2023 10:51:32 EDT,08/24/2023 10:51:35 EDT
SPXW 08/23/2023 00:00:00 EDT Call $4435.00,SPXW 08/23/2023 00:00:00 EDT Call $4435.00,Sell,Filled,1,1,@6.10,6.10,DAY,08/23/2023 13:18:17 EDT,08/23/2023 13:18:17 EDT
SPXW 08/23/2023 00:00:00 EDT Put $4395.00,SPXW 08/23/2023 00:00:00 EDT Put $4395.00,Sell,Filled,1,1,@1.00,1.00,DAY,08/23/2023 11:28:20 EDT,08/23/2023 11:28:20 EDT
SPXW 08/23/2023 00:00:00 EDT Call $4435.00,SPXW 08/23/2023 00:00:00 EDT Call $4435.00,Buy,Filled,1,1,@2.70,2.70,DAY,08/23/2023 10:47:04 EDT,08/23/2023 10:47:05 EDT
SPXW 08/23/2023 00:00:00 EDT Put $4395.00,SPXW 08/23/2023 00:00:00 EDT Put $4395.00,Buy,Filled,1,1,@3.40,3.40,DAY,08/23/2023 10:37:24 EDT,08/23/2023 10:37:24 EDT
SPXW 08/23/2023 00:00:00 EDT Put $4390.00,SPXW 08/23/2023 00:00:00 EDT Put $4390.00,Sell,Filled,1,1,@2.20,2.20,DAY,08/23/2023 10:25:28 EDT,08/23/2023 10:25:34 EDT
SPXW 08/23/2023 00:00:00 EDT Put $4390.00,SPXW 08/23/2023 00:00:00 EDT Put $4390.00,Sell,Cancelled,0,1,@2.40,,DAY,08/23/2023 10:25:14 EDT,
SPXW 08/23/2023 00:00:00 EDT Put $4390.00,SPXW 08/23/2023 00:00:00 EDT Put $4390.00,Sell,Cancelled,0,1,@2.60,,DAY,08/23/2023 10:24:52 EDT,
SPXW 08/23/2023 00:00:00 EDT Put $4390.00,SPXW 08/23/2023 00:00:00 EDT Put $4390.00,Sell,Cancelled,0,1,@2.55,,DAY,08/23/2023 10:24:17 EDT,
SPXW 08/23/2023 00:00:00 EDT Put $4390.00,SPXW 08/23/2023 00:00:00 EDT Put $4390.00,Sell,Cancelled,0,1,@2.55,,DAY,08/23/2023 10:23:01 EDT,
SPXW 08/23/2023 00:00:00 EDT Put $4390.00,SPXW 08/23/2023 00:00:00 EDT Put $4390.00,Buy,Filled,1,1,@2.90,2.90,DAY,08/23/2023 10:22:10 EDT,08/23/2023 10:22:10 EDT
SPXW 08/22/2023 00:00:00 EDT Call $4405.00,SPXW 08/22/2023 00:00:00 EDT Call $4405.00,Sell,Filled,1,1,@3.60,3.60,DAY,08/22/2023 12:38:21 EDT,08/22/2023 12:38:24 EDT
SPXW 08/22/2023 00:00:00 EDT Call $4405.00,SPXW 08/22/2023 00:00:00 EDT Call $4405.00,Buy,Filled,1,1,@2.25,2.25,DAY,08/22/2023 12:33:53 EDT,08/22/2023 12:33:55 EDT
SPXW 08/22/2023 00:00:00 EDT Put $4370.00,SPXW 08/22/2023 00:00:00 EDT Put $4370.00,Buy,Cancelled,0,1,@2.10,,DAY,08/22/2023 12:16:18 EDT,
SPXW 08/22/2023 00:00:00 EDT Put $4380.00,SPXW 08/22/2023 00:00:00 EDT Put $4380.00,Sell,Filled,1,1,@3.40,3.40,DAY,08/22/2023 12:13:18 EDT,08/22/2023 12:13:19 EDT
SPXW 08/22/2023 00:00:00 EDT Put $4380.00,SPXW 08/22/2023 00:00:00 EDT Put $4380.00,Buy,Filled,1,1,@3.30,3.30,DAY,08/22/2023 12:02:03 EDT,08/22/2023 12:02:11 EDT
SPXW 08/22/2023 00:00:00 EDT Put $4380.00,SPXW 08/22/2023 00:00:00 EDT Put $4380.00,Buy,Cancelled,0,1,@3.10,,DAY,08/22/2023 12:00:21 EDT,
SPXW 08/22/2023 00:00:00 EDT Put $4380.00,SPXW 08/22/2023 00:00:00 EDT Put $4380.00,Sell,Filled,1,1,@3.20,3.20,DAY,08/22/2023 12:00:00 EDT,08/22/2023 12:00:02 EDT
SPXW 08/22/2023 00:00:00 EDT Put $4380.00,SPXW 08/22/2023 00:00:00 EDT Put $4380.00,Sell,Cancelled,0,1,@3.10,,DAY,08/22/2023 11:59:36 EDT,
SPXW 08/22/2023 00:00:00 EDT Put $4380.00,SPXW 08/22/2023 00:00:00 EDT Put $4380.00,Buy,Filled,1,1,@3.40,3.40,DAY,08/22/2023 11:54:37 EDT,08/22/2023 11:54:37 EDT
SPXW 08/21/2023 00:00:00 EDT Put $4385.00,SPXW 08/21/2023 00:00:00 EDT Put $4385.00,Buy,Cancelled,0,1,@2.90,,DAY,08/21/2023 14:34:29 EDT,
SPXW 08/21/2023 00:00:00 EDT Put $4385.00,SPXW 08/21/2023 00:00:00 EDT Put $4385.00,Buy,Cancelled,0,1,@2.80,,DAY,08/21/2023 14:34:13 EDT,
SPXW 08/18/2023 00:00:00 EDT Call $4380.00,SPXW 08/18/2023 00:00:00 EDT Call $4380.00,Sell,Filled,1,1,@3.40,3.40,DAY,08/18/2023 11:02:24 EDT,08/18/2023 11:02:28 EDT
SPXW 08/18/2023 00:00:00 EDT Call $4380.00,SPXW 08/18/2023 00:00:00 EDT Call $4380.00,Buy,Filled,1,1,@2.30,2.30,DAY,08/18/2023 10:55:30 EDT,08/18/2023 10:55:36 EDT
SPXW 08/18/2023 00:00:00 EDT Call $4380.00,SPXW 08/18/2023 00:00:00 EDT Call $4380.00,Sell,Filled,1,1,@2.40,2.40,DAY,08/18/2023 10:50:59 EDT,08/18/2023 10:51:01 EDT
SPXW 08/18/2023 00:00:00 EDT Call $4380.00,SPXW 08/18/2023 00:00:00 EDT Call $4380.00,Buy,Filled,1,1,@2.90,2.90,DAY,08/18/2023 10:48:40 EDT,08/18/2023 10:48:42 EDT
SPXW 08/17/2023 00:00:00 EDT Put $4385.00,SPXW 08/17/2023 00:00:00 EDT Put $4385.00,Sell,Filled,1,1,@2.95,2.95,DAY,08/17/2023 11:17:42 EDT,08/17/2023 11:17:43 EDT
SPXW 08/17/2023 00:00:00 EDT Put $4385.00,SPXW 08/17/2023 00:00:00 EDT Put $4385.00,Buy,Filled,1,1,@2.85,2.85,DAY,08/17/2023 11:15:53 EDT,08/17/2023 11:15:53 EDT
SPXW 08/16/2023 00:00:00 EDT Put $4415.00,SPXW 08/16/2023 00:00:00 EDT Put $4415.00,Sell,Filled,1,1,@8.20,8.20,DAY,08/16/2023 15:12:40 EDT,08/16/2023 15:12:40 EDT
SPXW 08/16/2023 00:00:00 EDT Put $4415.00,SPXW 08/16/2023 00:00:00 EDT Put $4415.00,Buy,Filled,1,1,@3.70,3.70,DAY,08/16/2023 14:05:26 EDT,08/16/2023 14:05:28 EDT
SPXW 08/15/2023 00:00:00 EDT Call $4465.00,SPXW 08/15/2023 00:00:00 EDT Call $4465.00,Sell,Filled,1,1,@3.70,3.70,DAY,08/15/2023 12:07:40 EDT,08/15/2023 12:07:41 EDT
SPXW 08/15/2023 00:00:00 EDT Call $4465.00,SPXW 08/15/2023 00:00:00 EDT Call $4465.00,Buy,Filled,1,1,@5.90,5.90,DAY,08/15/2023 11:39:05 EDT,08/15/2023 11:39:05 EDT
SPXW 08/15/2023 00:00:00 EDT Put $4430.00,SPXW 08/15/2023 00:00:00 EDT Put $4430.00,Sell,Filled,1,1,@0.750,0.750,DAY,08/15/2023 11:37:56 EDT,08/15/2023 11:37:57 EDT
SPXW 08/15/2023 00:00:00 EDT Put $4430.00,SPXW 08/15/2023 00:00:00 EDT Put $4430.00,Buy,Filled,1,1,@2.80,2.80,DAY,08/15/2023 10:54:02 EDT,08/15/2023 10:54:03 EDT
SPXW 08/15/2023 00:00:00 EDT Put $4425.00,SPXW 08/15/2023 00:00:00 EDT Put $4425.00,Sell,Filled,1,1,@2.20,2.20,DAY,08/15/2023 10:42:12 EDT,08/15/2023 10:42:12 EDT
SPXW 08/15/2023 00:00:00 EDT Put $4425.00,SPXW 08/15/2023 00:00:00 EDT Put $4425.00,Buy,Filled,1,1,@2.85,2.85,DAY,08/15/2023 10:30:56 EDT,08/15/2023 10:31:01 EDT
SPXW 08/15/2023 00:00:00 EDT Put $4425.00,SPXW 08/15/2023 00:00:00 EDT Put $4425.00,Sell,Filled,1,1,@2.55,2.55,DAY,08/15/2023 10:29:12 EDT,08/15/2023 10:29:12 EDT
SPXW 08/15/2023 00:00:00 EDT Put $4425.00,SPXW 08/15/2023 00:00:00 EDT Put $4425.00,Buy,Filled,1,1,@3.00,3.00,DAY,08/15/2023 10:27:24 EDT,08/15/2023 10:27:25 EDT
SPXW 08/14/2023 00:00:00 EDT Call $4480.00,SPXW 08/14/2023 00:00:00 EDT Call $4480.00,Sell,Filled,1,1,@4.40,4.40,DAY,08/14/2023 10:14:22 EDT,08/14/2023 10:14:22 EDT
SPXW 08/14/2023 00:00:00 EDT Call $4480.00,SPXW 08/14/2023 00:00:00 EDT Call $4480.00,Buy,Filled,1,1,@2.60,2.60,DAY,08/14/2023 09:59:42 EDT,08/14/2023 10:00:01 EDT
SPXW 08/11/2023 00:00:00 EDT Put $4445.00,SPXW 08/11/2023 00:00:00 EDT Put $4445.00,Sell,Filled,1,1,@5.00,5.00,DAY,08/11/2023 11:09:57 EDT,08/11/2023 11:09:58 EDT
SPXW 08/11/2023 00:00:00 EDT Call $4495.00,SPXW 08/11/2023 00:00:00 EDT Call $4495.00,Sell,Filled,1,1,@2.45,2.45,DAY,08/11/2023 10:42:24 EDT,08/11/2023 10:42:24 EDT
SPXW 08/11/2023 00:00:00 EDT Call $4495.00,SPXW 08/11/2023 00:00:00 EDT Call $4495.00,Buy,Filled,1,1,@3.40,3.40,DAY,08/11/2023 10:40:47 EDT,08/11/2023 10:41:09 EDT
SPXW 08/11/2023 00:00:00 EDT Put $4445.00,SPXW 08/11/2023 00:00:00 EDT Put $4445.00,Buy,Filled,1,1,@3.50,3.50,DAY,08/11/2023 10:32:22 EDT,08/11/2023 10:32:28 EDT
SPXW 08/10/2023 00:00:00 EDT Call $4545.00,SPXW 08/10/2023 00:00:00 EDT Call $4545.00,Sell,Filled,1,1,@0.900,0.900,DAY,08/10/2023 10:42:09 EDT,08/10/2023 10:42:11 EDT
SPXW 08/10/2023 00:00:00 EDT Call $4545.00,SPXW 08/10/2023 00:00:00 EDT Call $4545.00,Buy,Filled,1,1,@1.80,1.80,DAY,08/10/2023 10:25:07 EDT,08/10/2023 10:25:15 EDT
SPXW 08/10/2023 00:00:00 EDT Put $4485.00,SPXW 08/10/2023 00:00:00 EDT Put $4485.00,Buy,Cancelled,0,1,@1.80,,DAY,08/10/2023 10:19:59 EDT,
SPXW 08/10/2023 00:00:00 EDT Put $4485.00,SPXW 08/10/2023 00:00:00 EDT Put $4485.00,Buy,Cancelled,0,1,@1.80,,DAY,08/10/2023 10:19:26 EDT,
SPXW 08/10/2023 00:00:00 EDT Put $4495.00,SPXW 08/10/2023 00:00:00 EDT Put $4495.00,Sell,Filled,1,1,@2.45,2.45,DAY,08/10/2023 10:18:13 EDT,08/10/2023 10:18:14 EDT
SPXW 08/10/2023 00:00:00 EDT Put $4495.00,SPXW 08/10/2023 00:00:00 EDT Put $4495.00,Buy,Filled,1,1,@2.90,2.90,DAY,08/10/2023 10:11:07 EDT,08/10/2023 10:11:07 EDT
SPXW 08/10/2023 00:00:00 EDT Call $4550.00,SPXW 08/10/2023 00:00:00 EDT Call $4550.00,Sell,Filled,1,1,@1.65,1.65,DAY,08/10/2023 10:10:52 EDT,08/10/2023 10:10:53 EDT
SPXW 08/10/2023 00:00:00 EDT Call $4550.00,SPXW 08/10/2023 00:00:00 EDT Call $4550.00,Buy,Filled,1,1,@2.10,2.10,DAY,08/10/2023 10:09:15 EDT,08/10/2023 10:09:16 EDT
SPXW 08/10/2023 00:00:00 EDT Put $4490.00,SPXW 08/10/2023 00:00:00 EDT Put $4490.00,Sell,Filled,1,1,@2.15,2.15,DAY,08/10/2023 10:08:52 EDT,08/10/2023 10:08:53 EDT
SPXW 08/10/2023 00:00:00 EDT Put $4490.00,SPXW 08/10/2023 00:00:00 EDT Put $4490.00,Buy,Filled,1,1,@2.25,2.25,DAY,08/10/2023 10:07:59 EDT,08/10/2023 10:08:05 EDT
SPXW 08/10/2023 00:00:00 EDT Put $4490.00,SPXW 08/10/2023 00:00:00 EDT Put $4490.00,Buy,Cancelled,0,1,@2.20,,DAY,08/10/2023 10:07:20 EDT,
SPXW 08/09/2023 00:00:00 EDT Call $4490.00,SPXW 08/09/2023 00:00:00 EDT Call $4490.00,Sell,Filled,1,1,@2.00,2.00,DAY,08/09/2023 12:41:06 EDT,08/09/2023 12:41:12 EDT
SPXW 08/09/2023 00:00:00 EDT Call $4490.00,SPXW 08/09/2023 00:00:00 EDT Call $4490.00,Sell,Filled,1,1,@2.45,2.45,DAY,08/09/2023 12:35:01 EDT,08/09/2023 12:35:02 EDT
SPXW 08/09/2023 00:00:00 EDT Put $4450.00,SPXW 08/09/2023 00:00:00 EDT Put $4450.00,Sell,Filled,1,1,@4.50,4.50,DAY,08/09/2023 11:57:53 EDT,08/09/2023 11:57:53 EDT
SPXW 08/09/2023 00:00:00 EDT Put $4450.00,SPXW 08/09/2023 00:00:00 EDT Put $4450.00,Sell,Cancelled,0,1,@5.10,,DAY,08/09/2023 11:56:33 EDT,
SPXW 08/09/2023 00:00:00 EDT Put $4450.00,SPXW 08/09/2023 00:00:00 EDT Put $4450.00,Buy,Filled,1,1,@3.50,3.50,DAY,08/09/2023 11:50:56 EDT,08/09/2023 11:51:05 EDT
SPXW 08/09/2023 00:00:00 EDT Call $4490.00,SPXW 08/09/2023 00:00:00 EDT Call $4490.00,Sell,Cancelled,0,1,@2.80,,DAY,08/09/2023 11:38:09 EDT,
SPXW 08/09/2023 00:00:00 EDT Call $4490.00,SPXW 08/09/2023 00:00:00 EDT Call $4490.00,Buy,Filled,1,1,@2.20,2.20,DAY,08/09/2023 11:31:18 EDT,08/09/2023 11:31:19 EDT
SPXW 08/09/2023 00:00:00 EDT Call $4490.00,SPXW 08/09/2023 00:00:00 EDT Call $4490.00,Buy,Filled,1,1,@2.70,2.70,DAY,08/09/2023 11:28:42 EDT,08/09/2023 11:28:43 EDT
SPXW 08/08/2023 00:00:00 EDT Put $4445.00,SPXW 08/08/2023 00:00:00 EDT Put $4445.00,Sell,Filled,1,1,@4.50,4.50,DAY,08/08/2023 10:17:41 EDT,08/08/2023 10:17:46 EDT
SPXW 08/08/2023 00:00:00 EDT Put $4445.00,SPXW 08/08/2023 00:00:00 EDT Put $4445.00,Buy,Filled,1,1,@2.75,2.75,DAY,08/08/2023 10:11:13 EDT,08/08/2023 10:11:14 EDT
SPXW 08/08/2023 00:00:00 EDT Put $4445.00,SPXW 08/08/2023 00:00:00 EDT Put $4445.00,Sell,Filled,2,2,@2.00,2.00,DAY,08/08/2023 10:05:04 EDT,08/08/2023 10:05:05 EDT
SPXW 08/08/2023 00:00:00 EDT Put $4445.00,SPXW 08/08/2023 00:00:00 EDT Put $4445.00,Buy,Filled,1,1,@2.15,2.15,DAY,08/08/2023 10:04:51 EDT,08/08/2023 10:04:51 EDT
SPXW 08/08/2023 00:00:00 EDT Put $4445.00,SPXW 08/08/2023 00:00:00 EDT Put $4445.00,Buy,Filled,1,1,@2.65,2.65,DAY,08/08/2023 10:03:39 EDT,08/08/2023 10:03:40 EDT
SPXW 08/07/2023 00:00:00 EDT Call $4520.00,SPXW 08/07/2023 00:00:00 EDT Call $4520.00,Buy,Cancelled,0,1,@1.40,,DAY,08/07/2023 12:05:37 EDT,
SPXW 08/04/2023 00:00:00 EDT Call $4525.00,SPXW 08/04/2023 00:00:00 EDT Call $4525.00,Sell,Filled,1,1,@4.60,4.60,DAY,08/04/2023 10:25:36 EDT,08/04/2023 10:25:40 EDT
SPXW 08/04/2023 00:00:00 EDT Call $4525.00,SPXW 08/04/2023 00:00:00 EDT Call $4525.00,Buy,Filled,1,1,@3.30,3.30,DAY,08/04/2023 10:12:22 EDT,08/04/2023 10:12:23 EDT
SPXW 08/04/2023 00:00:00 EDT Call $4525.00,SPXW 08/04/2023 00:00:00 EDT Call $4525.00,Buy,Cancelled,0,1,@3.00,,DAY,08/04/2023 10:10:14 EDT,
SPXW 08/04/2023 00:00:00 EDT Call $4535.00,SPXW 08/04/2023 00:00:00 EDT Call $4535.00,Sell,Filled,1,1,@1.70,1.70,DAY,08/04/2023 10:03:10 EDT,08/04/2023 10:03:22 EDT
SPXW 08/04/2023 00:00:00 EDT Call $4535.00,SPXW 08/04/2023 00:00:00 EDT Call $4535.00,Buy,Filled,1,1,@2.40,2.40,DAY,08/04/2023 10:00:10 EDT,08/04/2023 10:00:12 EDT
SPXW 08/04/2023 00:00:00 EDT Call $4550.00,SPXW 08/04/2023 00:00:00 EDT Call $4550.00,Sell,Filled,1,1,@1.00,1.00,DAY,08/04/2023 09:53:37 EDT,08/04/2023 09:53:38 EDT
SPXW 08/04/2023 00:00:00 EDT Call $4550.00,SPXW 08/04/2023 00:00:00 EDT Call $4550.00,Buy,Filled,1,1,@1.25,1.25,DAY,08/04/2023 09:51:02 EDT,08/04/2023 09:51:04 EDT
SPXW 08/03/2023 00:00:00 EDT Put $4500.00,SPXW 08/03/2023 00:00:00 EDT Put $4500.00,Sell,Filled,1,1,@4.70,4.70,DAY,08/03/2023 11:59:09 EDT,08/03/2023 11:59:09 EDT
SPXW 08/03/2023 00:00:00 EDT Put $4500.00,SPXW 08/03/2023 00:00:00 EDT Put $4500.00,Sell,Cancelled,0,1,@4.80,,DAY,08/03/2023 11:58:39 EDT,
SPXW 08/03/2023 00:00:00 EDT Put $4500.00,SPXW 08/03/2023 00:00:00 EDT Put $4500.00,Buy,Filled,1,1,@3.30,3.30,DAY,08/03/2023 11:56:20 EDT,08/03/2023 11:56:20 EDT
SPXW 08/03/2023 00:00:00 EDT Put $4490.00,SPXW 08/03/2023 00:00:00 EDT Put $4490.00,Sell,Filled,1,1,@1.15,1.15,DAY,08/03/2023 11:52:39 EDT,08/03/2023 11:52:39 EDT
SPXW 08/03/2023 00:00:00 EDT Put $4490.00,SPXW 08/03/2023 00:00:00 EDT Put $4490.00,Buy,Filled,1,1,@1.95,1.95,DAY,08/03/2023 11:30:09 EDT,08/03/2023 11:30:09 EDT
SPXW 08/02/2023 00:00:00 EDT Put $4510.00,SPXW 08/02/2023 00:00:00 EDT Put $4510.00,Sell,Filled,1,1,@3.30,3.30,DAY,08/02/2023 10:45:42 EDT,08/02/2023 10:45:42 EDT
SPXW 08/02/2023 00:00:00 EDT Put $4510.00,SPXW 08/02/2023 00:00:00 EDT Put $4510.00,Buy,Filled,1,1,@2.10,2.10,DAY,08/02/2023 10:32:55 EDT,08/02/2023 10:33:08 EDT
SPXW 08/02/2023 00:00:00 EDT Put $4515.00,SPXW 08/02/2023 00:00:00 EDT Put $4515.00,Buy,Cancelled,0,1,@1.75,,DAY,08/02/2023 09:47:42 EDT,
SPXW 08/01/2023 00:00:00 EDT Put $4565.00,SPXW 08/01/2023 00:00:00 EDT Put $4565.00,Sell,Filled,1,1,@3.30,3.30,DAY,08/01/2023 11:04:22 EDT,08/01/2023 11:04:22 EDT
SPXW 08/01/2023 00:00:00 EDT Put $4565.00,SPXW 08/01/2023 00:00:00 EDT Put $4565.00,Buy,Filled,1,1,@2.70,2.70,DAY,08/01/2023 10:52:39 EDT,08/01/2023 10:52:40 EDT
SPXW 08/01/2023 00:00:00 EDT Put $4560.00,SPXW 08/01/2023 00:00:00 EDT Put $4560.00,Sell,Filled,1,1,@1.65,1.65,DAY,08/01/2023 10:49:45 EDT,08/01/2023 10:49:47 EDT
SPXW 08/01/2023 00:00:00 EDT Put $4560.00,SPXW 08/01/2023 00:00:00 EDT Put $4560.00,Buy,Filled,1,1,@2.20,2.20,DAY,08/01/2023 10:44:58 EDT,08/01/2023 10:45:20 EDT
SPXW 08/01/2023 00:00:00 EDT Put $4560.00,SPXW 08/01/2023 00:00:00 EDT Put $4560.00,Buy,Cancelled,0,1,@2.20,,DAY,08/01/2023 10:44:21 EDT,
SPXW 07/28/2023 00:00:00 EDT Put $4560.00,SPXW 07/28/2023 00:00:00 EDT Put $4560.00,Sell,Filled,1,1,1.85,1.85,DAY,07/28/2023 13:31:55 EDT,07/28/2023 13:31:55 EDT
SPXW 07/28/2023 00:00:00 EDT Put $4560.00,SPXW 07/28/2023 00:00:00 EDT Put $4560.00,Buy,Filled,1,1,@1.70,1.70,DAY,07/28/2023 13:25:41 EDT,07/28/2023 13:25:43 EDT
SPXW 07/28/2023 00:00:00 EDT Put $4560.00,SPXW 07/28/2023 00:00:00 EDT Put $4560.00,Sell,Filled,1,1,1.30,1.30,DAY,07/28/2023 13:23:04 EDT,07/28/2023 13:23:04 EDT
SPXW 07/28/2023 00:00:00 EDT Put $4560.00,SPXW 07/28/2023 00:00:00 EDT Put $4560.00,Sell,Filled,1,1,@2.05,2.05,DAY,07/28/2023 13:21:54 EDT,07/28/2023 13:21:55 EDT
SPXW 07/28/2023 00:00:00 EDT Put $4560.00,SPXW 07/28/2023 00:00:00 EDT Put $4560.00,Sell,Cancelled,0,1,@2.15,,DAY,07/28/2023 13:21:38 EDT,
SPXW 07/28/2023 00:00:00 EDT Put $4560.00,SPXW 07/28/2023 00:00:00 EDT Put $4560.00,Buy,Filled,1,1,@1.30,1.30,DAY,07/28/2023 13:19:06 EDT,07/28/2023 13:19:06 EDT
SPXW 07/28/2023 00:00:00 EDT Put $4560.00,SPXW 07/28/2023 00:00:00 EDT Put $4560.00,Buy,Filled,1,1,@1.55,1.55,DAY,07/28/2023 13:11:25 EDT,07/28/2023 13:11:25 EDT
SPXW 07/18/2023 00:00:00 EDT Put $4540.00,SPXW 07/18/2023 00:00:00 EDT Put $4540.00,Sell,Filled,1,1,@0.050,0.050,DAY,07/18/2023 15:44:30 EDT,07/18/2023 15:44:31 EDT
SPXW 07/18/2023 00:00:00 EDT Put $4540.00,SPXW 07/18/2023 00:00:00 EDT Put $4540.00,Buy,Filled,1,1,@0.750,0.750,DAY,07/18/2023 14:03:24 EDT,07/18/2023 14:03:44 EDT
SPXW 07/14/2023 00:00:00 EDT Put $4500.00,SPXW 07/14/2023 00:00:00 EDT Put $4500.00,Sell,Filled,1,1,@0.850,0.850,DAY,07/14/2023 15:46:25 EDT,07/14/2023 15:46:41 EDT
SPXW 07/14/2023 00:00:00 EDT Put $4500.00,SPXW 07/14/2023 00:00:00 EDT Put $4500.00,Buy,Filled,1,1,@0.600,0.600,DAY,07/14/2023 15:43:00 EDT,07/14/2023 15:45:55 EDT
SPXW 07/14/2023 00:00:00 EDT Put $4500.00,SPXW 07/14/2023 00:00:00 EDT Put $4500.00,Buy,Cancelled,0,1,@0.600,,DAY,07/14/2023 15:26:55 EDT,
SPXW 07/14/2023 00:00:00 EDT Put $4500.00,SPXW 07/14/2023 00:00:00 EDT Put $4500.00,Buy,Cancelled,0,1,@0.600,,DAY,07/14/2023 15:18:14 EDT,
SPXW 07/14/2023 00:00:00 EDT Put $4505.00,SPXW 07/14/2023 00:00:00 EDT Put $4505.00,Buy,Cancelled,0,1,@0.600,,DAY,07/14/2023 15:17:04 EDT,
SPXW 07/14/2023 00:00:00 EDT Put $4505.00,SPXW 07/14/2023 00:00:00 EDT Put $4505.00,Buy,Cancelled,0,1,@0.600,,DAY,07/14/2023 15:16:55 EDT,
SPXW 07/13/2023 00:00:00 EDT Call $4520.00,SPXW 07/13/2023 00:00:00 EDT Call $4520.00,Sell,Filled,1,1,0.650,0.650,DAY,07/13/2023 15:43:21 EDT,07/13/2023 15:43:21 EDT
SPXW 07/13/2023 00:00:00 EDT Call $4520.00,SPXW 07/13/2023 00:00:00 EDT Call $4520.00,Buy,Filled,1,1,@0.800,0.800,DAY,07/13/2023 10:09:02 EDT,07/13/2023 10:09:04 EDT
SPXW 07/12/2023 00:00:00 EDT Put $4450.00,SPXW 07/12/2023 00:00:00 EDT Put $4450.00,Sell,Cancelled,0,1,@0.050,,DAY,07/12/2023 15:58:24 EDT,
SPY 07/12/2023 00:00:00 EDT Call $445.00,SPY 07/12/2023 00:00:00 EDT Call $445.00,Sell,Filled,1,1,@0.800,0.800,DAY,07/12/2023 11:57:34 EDT,07/12/2023 11:57:34 EDT
SPXW 07/12/2023 00:00:00 EDT Put $4450.00,SPXW 07/12/2023 00:00:00 EDT Put $4450.00,Buy,Filled,1,1,@1.60,1.60,DAY,07/12/2023 11:53:33 EDT,07/12/2023 11:54:17 EDT
SPXW 07/12/2023 00:00:00 EDT Put $4450.00,SPXW 07/12/2023 00:00:00 EDT Put $4450.00,Buy,Cancelled,0,1,@1.60,,DAY,07/12/2023 11:52:36 EDT,
SPY 07/12/2023 00:00:00 EDT Call $445.00,SPY 07/12/2023 00:00:00 EDT Call $445.00,Buy,Filled,1,1,@2.23,2.23,DAY,07/12/2023 09:52:06 EDT,07/12/2023 09:52:09 EDT
SPY 07/12/2023 00:00:00 EDT Call $445.00,SPY 07/12/2023 00:00:00 EDT Call $445.00,Buy,Cancelled,0,1,@1.92,,DAY,07/12/2023 09:51:36 EDT,
SPY 07/11/2023 00:00:00 EDT Put $442.00,SPY 07/11/2023 00:00:00 EDT Put $442.00,Sell,Filled,1,1,@0.590,0.590,DAY,07/11/2023 15:20:30 EDT,07/11/2023 15:20:30 EDT
SPY 07/11/2023 00:00:00 EDT Put $442.00,SPY 07/11/2023 00:00:00 EDT Put $442.00,Sell,Cancelled,0,1,@0.710,,DAY,07/11/2023 15:19:04 EDT,
SPY 07/11/2023 00:00:00 EDT Call $439.00,SPY 07/11/2023 00:00:00 EDT Call $439.00,Sell,Filled,1,1,@1.76,1.76,DAY,07/11/2023 11:18:44 EDT,07/11/2023 11:18:44 EDT
SPY 07/11/2023 00:00:00 EDT Call $439.00,SPY 07/11/2023 00:00:00 EDT Call $439.00,Buy,Filled,1,1,@1.63,1.63,DAY,07/11/2023 10:40:42 EDT,07/11/2023 10:40:42 EDT
SPY 07/11/2023 00:00:00 EDT Put $442.00,SPY 07/11/2023 00:00:00 EDT Put $442.00,Buy,Filled,1,1,@1.98,1.98,DAY,07/11/2023 10:33:51 EDT,07/11/2023 10:33:51 EDT
SPY 07/11/2023 00:00:00 EDT Call $439.00,SPY 07/11/2023 00:00:00 EDT Call $439.00,Sell,Filled,1,1,@1.50,1.50,DAY,07/11/2023 10:30:05 EDT,07/11/2023 10:30:06 EDT
SPY 07/11/2023 00:00:00 EDT Call $439.00,SPY 07/11/2023 00:00:00 EDT Call $439.00,Buy,Filled,1,1,@1.60,1.60,DAY,07/11/2023 10:27:39 EDT,07/11/2023 10:27:42 EDT
SPY 07/11/2023 00:00:00 EDT Call $439.00,SPY 07/11/2023 00:00:00 EDT Call $439.00,Buy,Cancelled,0,1,@1.54,,DAY,07/11/2023 10:27:17 EDT,
SPY 07/11/2023 00:00:00 EDT Call $439.00,SPY 07/11/2023 00:00:00 EDT Call $439.00,Buy,Cancelled,0,1,@1.54,,DAY,07/11/2023 10:26:18 EDT,
SPY 07/11/2023 00:00:00 EDT Call $439.00,SPY 07/11/2023 00:00:00 EDT Call $439.00,Buy,Cancelled,0,1,@1.39,,DAY,07/11/2023 10:22:44 EDT,
SPY 07/10/2023 00:00:00 EDT Put $440.00,SPY 07/10/2023 00:00:00 EDT Put $440.00,Sell,Filled,1,1,@1.94,1.94,DAY,07/10/2023 11:47:39 EDT,07/10/2023 11:47:39 EDT
SPY 07/10/2023 00:00:00 EDT Put $440.00,SPY 07/10/2023 00:00:00 EDT Put $440.00,Sell,Filled,1,1,@1.79,1.79,DAY,07/10/2023 11:45:28 EDT,07/10/2023 11:45:33 EDT
SPY 07/10/2023 00:00:00 EDT Put $440.00,SPY 07/10/2023 00:00:00 EDT Put $440.00,Buy,Filled,1,1,@1.44,1.44,DAY,07/10/2023 11:44:22 EDT,07/10/2023 11:44:22 EDT
SPY 07/10/2023 00:00:00 EDT Put $440.00,SPY 07/10/2023 00:00:00 EDT Put $440.00,Buy,Filled,1,1,@1.88,1.88,DAY,07/10/2023 11:16:24 EDT,07/10/2023 11:16:24 EDT
SPY 07/10/2023 00:00:00 EDT Put $439.00,SPY 07/10/2023 00:00:00 EDT Put $439.00,Sell,Filled,1,1,@0.990,0.990,DAY,07/10/2023 11:15:11 EDT,07/10/2023 11:15:11 EDT
SPY 07/10/2023 00:00:00 EDT Put $439.00,SPY 07/10/2023 00:00:00 EDT Put $439.00,Buy,Filled,1,1,@1.12,1.12,DAY,07/10/2023 11:08:22 EDT,07/10/2023 11:08:35 EDT
SPY 07/07/2023 00:00:00 EDT Put $441.00,SPY 07/07/2023 00:00:00 EDT Put $441.00,Sell,Filled,1,1,@2.26,2.26,DAY,07/07/2023 10:34:36 EDT,07/07/2023 10:34:40 EDT
SPY 07/07/2023 00:00:00 EDT Put $441.00,SPY 07/07/2023 00:00:00 EDT Put $441.00,Buy,Filled,1,1,@1.59,1.59,DAY,07/07/2023 10:21:20 EDT,07/07/2023 10:21:20 EDT
SPY 07/07/2023 00:00:00 EDT Call $439.00,SPY 07/07/2023 00:00:00 EDT Call $439.00,Sell,Filled,1,1,@0.960,0.960,DAY,07/07/2023 10:17:22 EDT,07/07/2023 10:17:22 EDT
SPY 07/07/2023 00:00:00 EDT Call $439.00,SPY 07/07/2023 00:00:00 EDT Call $439.00,Buy,Filled,1,1,@1.42,1.42,DAY,07/07/2023 10:13:14 EDT,07/07/2023 10:13:15 EDT
SPY 07/07/2023 00:00:00 EDT Call $439.00,SPY 07/07/2023 00:00:00 EDT Call $439.00,Sell,Filled,1,1,@1.31,1.31,DAY,07/07/2023 10:08:22 EDT,07/07/2023 10:08:22 EDT
SPY 07/07/2023 00:00:00 EDT Call $439.00,SPY 07/07/2023 00:00:00 EDT Call $439.00,Buy,Filled,1,1,@1.52,1.52,DAY,07/07/2023 09:58:15 EDT,07/07/2023 09:58:15 EDT
SPY 06/30/2023 00:00:00 EDT Call $442.00,SPY 06/30/2023 00:00:00 EDT Call $442.00,Sell,Filled,1,1,@1.68,1.68,DAY,06/30/2023 10:34:19 EDT,06/30/2023 10:34:19 EDT
SPY 06/30/2023 00:00:00 EDT Call $442.00,SPY 06/30/2023 00:00:00 EDT Call $442.00,Buy,Filled,1,1,@1.42,1.42,DAY,06/30/2023 10:24:49 EDT,06/30/2023 10:24:49 EDT
SPY 06/28/2023 00:00:00 EDT Put $437.00,SPY 06/28/2023 00:00:00 EDT Put $437.00,Sell,Filled,1,1,@0.650,0.650,DAY,06/28/2023 12:10:04 EDT,06/28/2023 12:10:04 EDT
SPY 06/28/2023 00:00:00 EDT Put $437.00,SPY 06/28/2023 00:00:00 EDT Put $437.00,Sell,Cancelled,0,1,@0.750,,DAY,06/28/2023 12:08:42 EDT,
SPY 06/28/2023 00:00:00 EDT Put $437.00,SPY 06/28/2023 00:00:00 EDT Put $437.00,Buy,Filled,1,1,@0.950,0.950,DAY,06/28/2023 11:52:12 EDT,06/28/2023 11:52:12 EDT
SPY 06/28/2023 00:00:00 EDT Call $435.00,SPY 06/28/2023 00:00:00 EDT Call $435.00,Sell,Filled,1,1,@1.57,1.57,DAY,06/28/2023 11:49:22 EDT,06/28/2023 11:49:22 EDT
SPY 06/28/2023 00:00:00 EDT Call $435.00,SPY 06/28/2023 00:00:00 EDT Call $435.00,Buy,Filled,1,1,@1.80,1.80,DAY,06/28/2023 11:45:22 EDT,06/28/2023 11:45:22 EDT
SPY 06/28/2023 00:00:00 EDT Call $435.00,SPY 06/28/2023 00:00:00 EDT Call $435.00,Buy,Cancelled,0,1,@1.55,,DAY,06/28/2023 11:44:23 EDT,
SPY 06/28/2023 00:00:00 EDT Call $434.00,SPY 06/28/2023 00:00:00 EDT Call $434.00,Sell,Filled,1,1,@2.25,2.25,DAY,06/28/2023 11:31:43 EDT,06/28/2023 11:31:43 EDT
SPY 06/28/2023 00:00:00 EDT Call $434.00,SPY 06/28/2023 00:00:00 EDT Call $434.00,Buy,Filled,1,1,@2.08,2.08,DAY,06/28/2023 11:29:02 EDT,06/28/2023 11:29:03 EDT
SPY 06/27/2023 00:00:00 EDT Put $434.00,SPY 06/27/2023 00:00:00 EDT Put $434.00,Sell,Filled,1,1,@2.19,2.19,DAY,06/27/2023 10:10:38 EDT,06/27/2023 10:10:38 EDT
SPY 06/27/2023 00:00:00 EDT Put $434.00,SPY 06/27/2023 00:00:00 EDT Put $434.00,Buy,Filled,1,1,@1.80,1.80,DAY,06/27/2023 09:55:44 EDT,06/27/2023 09:55:48 EDT
SPY 06/27/2023 00:00:00 EDT Put $434.00,SPY 06/27/2023 00:00:00 EDT Put $434.00,Buy,Cancelled,0,1,@1.74,,DAY,06/27/2023 09:55:11 EDT,
SPY 06/27/2023 00:00:00 EDT Put $434.00,SPY 06/27/2023 00:00:00 EDT Put $434.00,Sell,Filled,1,1,@1.60,1.60,DAY,06/27/2023 09:52:51 EDT,06/27/2023 09:52:51 EDT
SPY 06/27/2023 00:00:00 EDT Put $434.00,SPY 06/27/2023 00:00:00 EDT Put $434.00,Buy,Filled,1,1,@1.77,1.77,DAY,06/27/2023 09:49:28 EDT,06/27/2023 09:49:41 EDT
SPY 06/23/2023 00:00:00 EDT Put $435.00,SPY 06/23/2023 00:00:00 EDT Put $435.00,Sell,Filled,1,1,@1.80,1.80,DAY,06/23/2023 11:12:47 EDT,06/23/2023 11:12:55 EDT
SPY 06/23/2023 00:00:00 EDT Put $435.00,SPY 06/23/2023 00:00:00 EDT Put $435.00,Buy,Filled,1,1,@1.76,1.76,DAY,06/23/2023 11:10:39 EDT,06/23/2023 11:10:39 EDT
SPY 06/23/2023 00:00:00 EDT Put $435.00,SPY 06/23/2023 00:00:00 EDT Put $435.00,Sell,Filled,1,1,@1.63,1.63,DAY,06/23/2023 11:09:02 EDT,06/23/2023 11:09:03 EDT
SPY 06/23/2023 00:00:00 EDT Put $435.00,SPY 06/23/2023 00:00:00 EDT Put $435.00,Buy,Filled,1,1,@1.61,1.61,DAY,06/23/2023 11:05:16 EDT,06/23/2023 11:05:41 EDT
SPY 06/22/2023 00:00:00 EDT Call $434.00,SPY 06/22/2023 00:00:00 EDT Call $434.00,Buy,Cancelled,0,1,@1.62,,DAY,06/22/2023 11:59:16 EDT,
SPY 06/22/2023 00:00:00 EDT Put $437.00,SPY 06/22/2023 00:00:00 EDT Put $437.00,Sell,Filled,1,1,@2.06,2.06,DAY,06/22/2023 10:39:17 EDT,06/22/2023 10:39:17 EDT
SPY 06/22/2023 00:00:00 EDT Put $437.00,SPY 06/22/2023 00:00:00 EDT Put $437.00,Buy,Filled,1,1,@1.81,1.81,DAY,06/22/2023 10:37:18 EDT,06/22/2023 10:37:24 EDT
SPY 06/21/2023 00:00:00 EDT Put $436.00,SPY 06/21/2023 00:00:00 EDT Put $436.00,Sell,Filled,1,1,@1.49,1.49,DAY,06/21/2023 11:07:13 EDT,06/21/2023 11:07:13 EDT
SPY 06/21/2023 00:00:00 EDT Put $436.00,SPY 06/21/2023 00:00:00 EDT Put $436.00,Buy,Filled,1,1,@1.39,1.39,DAY,06/21/2023 11:05:22 EDT,06/21/2023 11:05:24 EDT
SPY 06/20/2023 00:00:00 EDT Put $438.00,SPY 06/20/2023 00:00:00 EDT Put $438.00,Sell,Filled,1,1,@1.77,1.77,DAY,06/20/2023 10:15:39 EDT,06/20/2023 10:15:40 EDT
SPY 06/20/2023 00:00:00 EDT Put $438.00,SPY 06/20/2023 00:00:00 EDT Put $438.00,Buy,Filled,1,1,@1.32,1.32,DAY,06/20/2023 10:00:11 EDT,06/20/2023 10:00:13 EDT
SPY 06/16/2023 00:00:00 EDT Put $442.00,SPY 06/16/2023 00:00:00 EDT Put $442.00,Sell,Filled,1,1,@1.14,1.14,DAY,06/16/2023 10:10:35 EDT,06/16/2023 10:10:36 EDT
SPY 06/16/2023 00:00:00 EDT Put $442.00,SPY 06/16/2023 00:00:00 EDT Put $442.00,Buy,Filled,1,1,@1.74,1.74,DAY,06/16/2023 09:54:26 EDT,06/16/2023 09:54:26 EDT
SPY 06/16/2023 00:00:00 EDT Put $442.00,SPY 06/16/2023 00:00:00 EDT Put $442.00,Buy,Cancelled,0,1,@1.67,,DAY,06/16/2023 09:54:07 EDT,
SPY 06/15/2023 00:00:00 EDT Put $439.00,SPY 06/15/2023 00:00:00 EDT Put $439.00,Sell,Filled,1,1,@0.870,0.870,DAY,06/15/2023 10:08:42 EDT,06/15/2023 10:08:42 EDT
SPY 06/15/2023 00:00:00 EDT Put $439.00,SPY 06/15/2023 00:00:00 EDT Put $439.00,Buy,Filled,1,1,@1.17,1.17,DAY,06/15/2023 10:06:17 EDT,06/15/2023 10:06:17 EDT
SPY 06/15/2023 00:00:00 EDT Put $439.00,SPY 06/15/2023 00:00:00 EDT Put $439.00,Sell,Filled,1,1,@1.09,1.09,DAY,06/15/2023 10:02:42 EDT,06/15/2023 10:02:42 EDT
SPY 06/15/2023 00:00:00 EDT Put $439.00,SPY 06/15/2023 00:00:00 EDT Put $439.00,Buy,Filled,1,1,@1.23,1.23,DAY,06/15/2023 10:01:34 EDT,06/15/2023 10:01:35 EDT
SPY 06/15/2023 00:00:00 EDT Put $439.00,SPY 06/15/2023 00:00:00 EDT Put $439.00,Buy,Cancelled,0,1,@1.28,,DAY,06/15/2023 10:01:20 EDT,
SPXW 06/14/2023 00:00:00 EDT Put $4360.00,SPXW 06/14/2023 00:00:00 EDT Put $4360.00,Sell,Filled,1,1,2.20,2.20,DAY,06/14/2023 15:43:26 EDT,06/14/2023 15:43:29 EDT
SPXW 06/14/2023 00:00:00 EDT Put $4360.00,SPXW 06/14/2023 00:00:00 EDT Put $4360.00,Buy,Filled,1,1,@1.40,1.40,DAY,06/14/2023 15:42:38 EDT,06/14/2023 15:42:38 EDT
SPXW 06/14/2023 00:00:00 EDT Put $4360.00,SPXW 06/14/2023 00:00:00 EDT Put $4360.00,Buy,Cancelled,0,1,@0.900,,DAY,06/14/2023 15:42:09 EDT,
SPY 06/13/2023 00:00:00 EDT Put $436.00,SPY 06/13/2023 00:00:00 EDT Put $436.00,Sell,Filled,1,1,@1.56,1.56,DAY,06/13/2023 10:13:06 EDT,06/13/2023 10:13:06 EDT
SPY 06/13/2023 00:00:00 EDT Put $436.00,SPY 06/13/2023 00:00:00 EDT Put $436.00,Buy,Filled,1,1,@1.35,1.35,DAY,06/13/2023 09:49:06 EDT,06/13/2023 09:49:06 EDT
SPY 06/13/2023 00:00:00 EDT Call $436.00,SPY 06/13/2023 00:00:00 EDT Call $436.00,Buy,Cancelled,0,1,@1.44,,DAY,06/13/2023 09:42:19 EDT,
SPXW 06/02/2023 00:00:00 EDT Put $4205.00,SPXW 06/02/2023 00:00:00 EDT Put $4205.00,Sell,Filled,1,1,0.050,0.050,DAY,06/02/2023 13:22:02 EDT,06/02/2023 13:22:02 EDT
SPXW 06/02/2023 00:00:00 EDT Put $4205.00,SPXW 06/02/2023 00:00:00 EDT Put $4205.00,Sell,Cancelled,0,1,@2.00,,DAY,06/02/2023 13:10:28 EDT,
SPXW 06/02/2023 00:00:00 EDT Put $4205.00,SPXW 06/02/2023 00:00:00 EDT Put $4205.00,Buy,Filled,1,1,@1.20,1.20,DAY,06/02/2023 10:02:17 EDT,06/02/2023 10:02:22 EDT
SPXW 06/02/2023 00:00:00 EDT Put $4215.00,SPXW 06/02/2023 00:00:00 EDT Put $4215.00,Buy,Cancelled,0,1,@1.20,,DAY,06/02/2023 09:57:08 EDT,
SPXW 06/01/2023 00:00:00 EDT Call $4230.00,SPXW 06/01/2023 00:00:00 EDT Call $4230.00,Sell,Filled,1,1,@1.20,1.20,DAY,06/01/2023 13:25:46 EDT,06/01/2023 13:25:58 EDT
SPXW 06/01/2023 00:00:00 EDT Call $4230.00,SPXW 06/01/2023 00:00:00 EDT Call $4230.00,Sell,Cancelled,0,1,@1.50,,DAY,06/01/2023 12:46:10 EDT,
SPXW 06/01/2023 00:00:00 EDT Call $4230.00,SPXW 06/01/2023 00:00:00 EDT Call $4230.00,Buy,Filled,1,1,@1.90,1.90,DAY,06/01/2023 12:40:25 EDT,06/01/2023 12:41:26 EDT
SPY 05/31/2023 00:00:00 EDT Put $418.00,SPY 05/31/2023 00:00:00 EDT Put $418.00,Sell,Filled,1,1,@1.80,1.80,DAY,05/31/2023 10:26:48 EDT,05/31/2023 10:26:53 EDT
SPY 05/31/2023 00:00:00 EDT Put $418.00,SPY 05/31/2023 00:00:00 EDT Put $418.00,Sell,Cancelled,0,1,@1.84,,DAY,05/31/2023 10:26:27 EDT,
SPY 05/31/2023 00:00:00 EDT Put $418.00,SPY 05/31/2023 00:00:00 EDT Put $418.00,Buy,Filled,1,1,@1.48,1.48,DAY,05/31/2023 10:23:23 EDT,05/31/2023 10:23:23 EDT
SPY 05/31/2023 00:00:00 EDT Put $418.00,SPY 05/31/2023 00:00:00 EDT Put $418.00,Buy,Cancelled,0,1,@1.39,,DAY,05/31/2023 10:23:04 EDT,
SPXW 05/30/2023 00:00:00 EDT Put $4200.00,SPXW 05/30/2023 00:00:00 EDT Put $4200.00,Sell,Filled,1,1,@1.35,1.35,DAY,05/30/2023 14:50:06 EDT,05/30/2023 14:50:07 EDT
SPXW 05/30/2023 00:00:00 EDT Put $4200.00,SPXW 05/30/2023 00:00:00 EDT Put $4200.00,Buy,Filled,1,1,@1.25,1.25,DAY,05/30/2023 14:47:10 EDT,05/30/2023 14:47:14 EDT
SPY 05/12/2023 00:00:00 EDT Put $412.00,SPY 05/12/2023 00:00:00 EDT Put $412.00,Sell,Filled,1,1,@0.970,0.970,DAY,05/12/2023 10:07:22 EDT,05/12/2023 10:07:22 EDT
SPY 05/12/2023 00:00:00 EDT Put $412.00,SPY 05/12/2023 00:00:00 EDT Put $412.00,Buy,Filled,1,1,@0.960,0.960,DAY,05/12/2023 10:06:05 EDT,05/12/2023 10:06:19 EDT
SPXW 05/02/2023 00:00:00 EDT Put $4095.00,SPXW 05/02/2023 00:00:00 EDT Put $4095.00,Buy,Filled,1,1,@0.100,0.100,DAY,05/02/2023 15:10:31 EDT,05/02/2023 15:11:10 EDT
SPXW 05/01/2023 00:00:00 EDT Put $4160.00,SPXW 05/01/2023 00:00:00 EDT Put $4160.00,Buy,Cancelled,0,1,@0.100,,DAY,05/01/2023 15:51:28 EDT,
SPXW 05/01/2023 00:00:00 EDT Put $4140.00,SPXW 05/01/2023 00:00:00 EDT Put $4140.00,Buy,Filled,1,1,@1.00,1.00,DAY,05/01/2023 11:25:31 EDT,05/01/2023 11:25:33 EDT
SPXW 04/28/2023 00:00:00 EDT Put $4145.00,SPXW 04/28/2023 00:00:00 EDT Put $4145.00,Sell,Filled,1,1,0.600,0.600,DAY,04/28/2023 14:02:55 EDT,04/28/2023 14:02:55 EDT
SPXW 04/28/2023 00:00:00 EDT Put $4145.00,SPXW 04/28/2023 00:00:00 EDT Put $4145.00,Buy,Filled,1,1,@1.40,1.40,DAY,04/28/2023 13:52:13 EDT,04/28/2023 13:52:13 EDT
SPY 04/28/2023 00:00:00 EDT Put $415.00,SPY 04/28/2023 00:00:00 EDT Put $415.00,Sell,Filled,1,1,@0.500,0.500,DAY,04/28/2023 12:57:57 EDT,04/28/2023 12:57:57 EDT
SPY 04/28/2023 00:00:00 EDT Put $415.00,SPY 04/28/2023 00:00:00 EDT Put $415.00,Buy,Filled,1,1,@0.970,0.970,DAY,04/28/2023 12:02:58 EDT,04/28/2023 12:02:58 EDT
SNAP 04/28/2023 00:00:00 EDT Call $12.00,SNAP 04/28/2023 00:00:00 EDT Call $12.00,Sell,Cancelled,0,1,@Market,,DAY,04/28/2023 10:45:50 EDT,
SNAP 04/28/2023 00:00:00 EDT Call $12.00,SNAP 04/28/2023 00:00:00 EDT Call $12.00,Buy,Filled,1,1,@0.350,0.350,DAY,04/27/2023 15:58:28 EDT,04/27/2023 15:59:58 EDT
SPY 04/27/2023 00:00:00 EDT Put $412.00,SPY 04/27/2023 00:00:00 EDT Put $412.00,Sell,Filled,1,1,@1.13,1.13,DAY,04/27/2023 14:16:26 EDT,04/27/2023 14:17:06 EDT
SPY 04/27/2023 00:00:00 EDT Put $412.00,SPY 04/27/2023 00:00:00 EDT Put $412.00,Buy,Filled,1,1,@1.42,1.42,DAY,04/27/2023 14:00:55 EDT,04/27/2023 14:00:59 EDT
SPXW 04/26/2023 00:00:00 EDT Put $4045.00,SPXW 04/26/2023 00:00:00 EDT Put $4045.00,Sell,Filled,1,1,2.30,2.30,DAY,04/26/2023 14:44:28 EDT,04/26/2023 14:44:28 EDT
SPXW 04/26/2023 00:00:00 EDT Put $4045.00,SPXW 04/26/2023 00:00:00 EDT Put $4045.00,Buy,Filled,1,1,@0.850,0.850,DAY,04/26/2023 14:28:20 EDT,04/26/2023 14:28:20 EDT
SPY 04/25/2023 00:00:00 EDT Put $410.00,SPY 04/25/2023 00:00:00 EDT Put $410.00,Sell,Filled,1,1,@1.54,1.54,DAY,04/25/2023 12:14:28 EDT,04/25/2023 12:14:32 EDT
SPY 04/25/2023 00:00:00 EDT Put $410.00,SPY 04/25/2023 00:00:00 EDT Put $410.00,Buy,Filled,1,1,@1.41,1.41,DAY,04/25/2023 11:54:30 EDT,04/25/2023 11:55:15 EDT
SPXW 04/18/2023 00:00:00 EDT Call $4195.00,SPXW 04/18/2023 00:00:00 EDT Call $4195.00,Buy,Cancelled,0,1,@0.600,,DAY,04/18/2023 09:46:01 EDT,
SPXW 04/18/2023 00:00:00 EDT Call $4195.00,SPXW 04/18/2023 00:00:00 EDT Call $4195.00,Buy,Cancelled,0,1,@0.600,,DAY,04/18/2023 09:43:14 EDT,
SPXW 04/12/2023 00:00:00 EDT Call $4150.00,SPXW 04/12/2023 00:00:00 EDT Call $4150.00,Buy,Filled,1,1,@0.450,0.450,DAY,04/12/2023 14:14:59 EDT,04/12/2023 14:16:52 EDT
SPY 04/11/2023 00:00:00 EDT Put $409.00,SPY 04/11/2023 00:00:00 EDT Put $409.00,Sell,Filled,1,1,@0.410,0.410,DAY,04/11/2023 11:20:53 EDT,04/11/2023 11:20:53 EDT
SPY 04/11/2023 00:00:00 EDT Put $409.00,SPY 04/11/2023 00:00:00 EDT Put $409.00,Buy,Filled,1,1,@0.700,0.700,DAY,04/11/2023 10:02:38 EDT,04/11/2023 10:02:38 EDT
SPXW 04/10/2023 00:00:00 EDT Call $4110.00,SPXW 04/10/2023 00:00:00 EDT Call $4110.00,Sell,Cancelled,0,1,@Market,,DAY,04/10/2023 15:59:48 EDT,
SPXW 04/10/2023 00:00:00 EDT Put $4080.00,SPXW 04/10/2023 00:00:00 EDT Put $4080.00,Sell,Filled,1,1,@0.200,0.200,DAY,04/10/2023 14:59:47 EDT,04/10/2023 14:59:52 EDT
SPXW 04/10/2023 00:00:00 EDT Put $4080.00,SPXW 04/10/2023 00:00:00 EDT Put $4080.00,Buy,Filled,1,1,@0.950,0.950,DAY,04/10/2023 13:36:52 EDT,04/10/2023 13:36:52 EDT
SPXW 04/10/2023 00:00:00 EDT Put $4085.00,SPXW 04/10/2023 00:00:00 EDT Put $4085.00,Buy,Cancelled,0,1,@1.40,,DAY,04/10/2023 13:34:45 EDT,
SPXW 04/10/2023 00:00:00 EDT Call $4110.00,SPXW 04/10/2023 00:00:00 EDT Call $4110.00,Sell,Cancelled,0,1,@2.00,,DAY,04/10/2023 13:18:51 EDT,
SPXW 04/10/2023 00:00:00 EDT Call $4110.00,SPXW 04/10/2023 00:00:00 EDT Call $4110.00,Buy,Filled,1,1,@1.30,1.30,DAY,04/10/2023 13:07:33 EDT,04/10/2023 13:07:33 EDT
SPXW 04/06/2023 00:00:00 EDT Put $4050.00,SPXW 04/06/2023 00:00:00 EDT Put $4050.00,Sell,Filled,1,1,@0.250,0.250,DAY,04/06/2023 11:42:58 EDT,04/06/2023 11:43:15 EDT
SPXW 04/06/2023 00:00:00 EDT Call $4100.00,SPXW 04/06/2023 00:00:00 EDT Call $4100.00,Sell,Filled,1,1,@1.60,1.60,DAY,04/06/2023 10:49:32 EDT,04/06/2023 10:49:33 EDT
SPXW 04/06/2023 00:00:00 EDT Call $4100.00,SPXW 04/06/2023 00:00:00 EDT Call $4100.00,Buy,Filled,1,1,@1.25,1.25,DAY,04/06/2023 10:45:51 EDT,04/06/2023 10:45:56 EDT
SPXW 04/06/2023 00:00:00 EDT Call $4105.00,SPXW 04/06/2023 00:00:00 EDT Call $4105.00,Sell,Filled,1,1,@0.850,0.850,DAY,04/06/2023 10:42:28 EDT,04/06/2023 10:42:28 EDT
SPXW 04/06/2023 00:00:00 EDT Put $4050.00,SPXW 04/06/2023 00:00:00 EDT Put $4050.00,Buy,Filled,1,1,@1.50,1.50,DAY,04/06/2023 10:37:40 EDT,04/06/2023 10:37:40 EDT
SPXW 04/06/2023 00:00:00 EDT Call $4105.00,SPXW 04/06/2023 00:00:00 EDT Call $4105.00,Buy,Filled,1,1,@1.30,1.30,DAY,04/06/2023 10:26:26 EDT,04/06/2023 10:26:44 EDT
SPXW 04/04/2023 00:00:00 EDT Put $4085.00,SPXW 04/04/2023 00:00:00 EDT Put $4085.00,Sell,Filled,1,1,2.70,2.70,DAY,04/04/2023 11:10:06 EDT,04/04/2023 11:10:06 EDT
SPXW 04/04/2023 00:00:00 EDT Call $4140.00,SPXW 04/04/2023 00:00:00 EDT Call $4140.00,Sell,Filled,1,1,@0.850,0.850,DAY,04/04/2023 10:58:58 EDT,04/04/2023 10:58:59 EDT
SPXW 04/04/2023 00:00:00 EDT Put $4085.00,SPXW 04/04/2023 00:00:00 EDT Put $4085.00,Buy,Filled,1,1,@1.55,1.55,DAY,04/04/2023 10:58:14 EDT,04/04/2023 10:58:15 EDT
SPXW 04/04/2023 00:00:00 EDT Call $4140.00,SPXW 04/04/2023 00:00:00 EDT Call $4140.00,Buy,Filled,1,1,@1.05,1.05,DAY,04/04/2023 10:56:56 EDT,04/04/2023 10:57:04 EDT
SPXW 04/04/2023 00:00:00 EDT Call $4140.00,SPXW 04/04/2023 00:00:00 EDT Call $4140.00,Buy,Cancelled,0,1,@1.10,,DAY,04/04/2023 10:55:03 EDT,
SPXW 04/04/2023 00:00:00 EDT Put $4085.00,SPXW 04/04/2023 00:00:00 EDT Put $4085.00,Buy,Cancelled,0,1,@1.10,,DAY,04/04/2023 10:48:48 EDT,
SPY 04/04/2023 00:00:00 EDT Call $412.00,SPY 04/04/2023 00:00:00 EDT Call $412.00,Sell,Filled,1,1,@0.290,0.290,DAY,04/04/2023 10:40:14 EDT,04/04/2023 10:40:14 EDT
SPY 04/04/2023 00:00:00 EDT Call $412.00,SPY 04/04/2023 00:00:00 EDT Call $412.00,Buy,Filled,1,1,@0.640,0.640,DAY,04/04/2023 10:16:27 EDT,04/04/2023 10:16:59 EDT
SPXW 04/03/2023 00:00:00 EDT Call $4130.00,SPXW 04/03/2023 00:00:00 EDT Call $4130.00,Sell,Filled,1,1,1.15,1.15,DAY,04/03/2023 15:33:51 EDT,04/03/2023 15:33:51 EDT
SPXW 04/03/2023 00:00:00 EDT Call $4130.00,SPXW 04/03/2023 00:00:00 EDT Call $4130.00,Buy,Filled,1,1,@0.850,0.850,DAY,04/03/2023 14:52:59 EDT,04/03/2023 14:53:08 EDT
SPY 04/03/2023 00:00:00 EDT Call $409.00,SPY 04/03/2023 00:00:00 EDT Call $409.00,Buy,Cancelled,0,1,@1.32,,DAY,04/03/2023 14:47:29 EDT,
SPXW 03/31/2023 00:00:00 EDT Call $4100.00,SPXW 03/31/2023 00:00:00 EDT Call $4100.00,Sell,Filled,1,1,2.70,2.70,DAY,03/31/2023 11:22:27 EDT,03/31/2023 11:22:27 EDT
SPXW 03/31/2023 00:00:00 EDT Put $4030.00,SPXW 03/31/2023 00:00:00 EDT Put $4030.00,Sell,Filled,1,1,@0.550,0.550,DAY,03/31/2023 11:20:12 EDT,03/31/2023 11:20:37 EDT
SPXW 03/31/2023 00:00:00 EDT Call $4100.00,SPXW 03/31/2023 00:00:00 EDT Call $4100.00,Buy,Filled,1,1,@1.00,1.00,DAY,03/31/2023 10:42:19 EDT,03/31/2023 10:42:20 EDT
SPXW 03/31/2023 00:00:00 EDT Put $4030.00,SPXW 03/31/2023 00:00:00 EDT Put $4030.00,Buy,Filled,1,1,@1.30,1.30,DAY,03/31/2023 10:24:14 EDT,03/31/2023 10:24:19 EDT
SPXW 03/30/2023 00:00:00 EDT Call $4055.00,SPXW 03/30/2023 00:00:00 EDT Call $4055.00,Sell,Filled,1,1,0.050,0.050,DAY,03/30/2023 15:56:26 EDT,03/30/2023 15:56:26 EDT
SPXW 03/30/2023 00:00:00 EDT Call $4055.00,SPXW 03/30/2023 00:00:00 EDT Call $4055.00,Buy,Filled,1,1,@0.550,0.550,DAY,03/30/2023 15:51:11 EDT,03/30/2023 15:51:11 EDT
SPXW 03/30/2023 00:00:00 EDT Call $4055.00,SPXW 03/30/2023 00:00:00 EDT Call $4055.00,Sell,Filled,1,1,@0.250,0.250,DAY,03/30/2023 15:48:09 EDT,03/30/2023 15:48:09 EDT
SPXW 03/30/2023 00:00:00 EDT Call $4055.00,SPXW 03/30/2023 00:00:00 EDT Call $4055.00,Buy,Filled,1,1,@0.900,0.900,DAY,03/30/2023 15:31:36 EDT,03/30/2023 15:31:41 EDT
SPY 03/30/2023 00:00:00 EDT Put $403.00,SPY 03/30/2023 00:00:00 EDT Put $403.00,Sell,Filled,1,1,@0.520,0.520,DAY,03/30/2023 14:25:05 EDT,03/30/2023 14:25:05 EDT
SPY 03/30/2023 00:00:00 EDT Put $403.00,SPY 03/30/2023 00:00:00 EDT Put $403.00,Buy,Filled,1,1,@0.720,0.720,DAY,03/30/2023 14:16:59 EDT,03/30/2023 14:17:01 EDT
SPXW 03/29/2023 00:00:00 EDT Call $4030.00,SPXW 03/29/2023 00:00:00 EDT Call $4030.00,Sell,Filled,1,1,1.20,1.20,DAY,03/29/2023 15:47:43 EDT,03/29/2023 15:47:44 EDT
SPXW 03/29/2023 00:00:00 EDT Call $4030.00,SPXW 03/29/2023 00:00:00 EDT Call $4030.00,Buy,Filled,1,1,@1.00,1.00,DAY,03/29/2023 15:39:29 EDT,03/29/2023 15:39:32 EDT
SPY 03/29/2023 00:00:00 EDT Put $399.00,SPY 03/29/2023 00:00:00 EDT Put $399.00,Sell,Filled,1,1,0.960,0.960,DAY,03/29/2023 10:39:57 EDT,03/29/2023 10:39:57 EDT
SPY 03/29/2023 00:00:00 EDT Put $399.00,SPY 03/29/2023 00:00:00 EDT Put $399.00,Buy,Filled,1,1,@0.870,0.870,DAY,03/29/2023 10:32:23 EDT,03/29/2023 10:32:28 EDT
SPXW 03/28/2023 00:00:00 EDT Put $3960.00,SPXW 03/28/2023 00:00:00 EDT Put $3960.00,Sell,Filled,1,1,1.90,1.90,DAY,03/28/2023 15:39:03 EDT,03/28/2023 15:39:03 EDT
SPXW 03/28/2023 00:00:00 EDT Put $3960.00,SPXW 03/28/2023 00:00:00 EDT Put $3960.00,Buy,Filled,1,1,@0.950,0.950,DAY,03/28/2023 15:38:11 EDT,03/28/2023 15:38:32 EDT
SPY 03/28/2023 00:00:00 EDT Call $396.00,SPY 03/28/2023 00:00:00 EDT Call $396.00,Sell,Filled,3,3,0.100,0.100,DAY,03/28/2023 14:31:51 EDT,03/28/2023 14:31:52 EDT
SPY 03/28/2023 00:00:00 EDT Call $396.00,SPY 03/28/2023 00:00:00 EDT Call $396.00,Sell,Cancelled,0,3,@0.110,,DAY,03/28/2023 14:31:09 EDT,
SPY 03/28/2023 00:00:00 EDT Call $396.00,SPY 03/28/2023 00:00:00 EDT Call $396.00,Buy,Filled,1,1,@0.170,0.170,DAY,03/28/2023 13:44:33 EDT,03/28/2023 13:46:04 EDT
SPY 03/28/2023 00:00:00 EDT Call $396.00,SPY 03/28/2023 00:00:00 EDT Call $396.00,Buy,Filled,1,1,@0.190,0.190,DAY,03/28/2023 13:40:40 EDT,03/28/2023 13:41:19 EDT
SPY 03/28/2023 00:00:00 EDT Call $396.00,SPY 03/28/2023 00:00:00 EDT Call $396.00,Buy,Filled,1,1,@0.220,0.220,DAY,03/28/2023 13:37:15 EDT,03/28/2023 13:37:15 EDT
SPY 03/28/2023 00:00:00 EDT Put $394.00,SPY 03/28/2023 00:00:00 EDT Put $394.00,Sell,Filled,1,1,@0.470,0.470,DAY,03/28/2023 13:17:11 EDT,03/28/2023 13:17:11 EDT
SPY 03/28/2023 00:00:00 EDT Put $394.00,SPY 03/28/2023 00:00:00 EDT Put $394.00,Buy,Filled,1,1,@0.470,0.470,DAY,03/28/2023 13:05:24 EDT,03/28/2023 13:05:24 EDT
SPY 03/27/2023 00:00:00 EDT Put $396.00,SPY 03/27/2023 00:00:00 EDT Put $396.00,Sell,Filled,1,1,@1.31,1.31,DAY,03/27/2023 11:11:09 EDT,03/27/2023 11:11:17 EDT
SPY 03/27/2023 00:00:00 EDT Put $396.00,SPY 03/27/2023 00:00:00 EDT Put $396.00,Buy,Filled,1,1,@1.13,1.13,DAY,03/27/2023 11:00:51 EDT,03/27/2023 11:00:51 EDT
SPXW 03/24/2023 00:00:00 EDT Call $3990.00,SPXW 03/24/2023 00:00:00 EDT Call $3990.00,Sell,Cancelled,0,2,@Market,,DAY,03/24/2023 15:48:07 EDT,
SPXW 03/24/2023 00:00:00 EDT Call $3990.00,SPXW 03/24/2023 00:00:00 EDT Call $3990.00,Buy,Filled,1,1,@0.550,0.550,DAY,03/24/2023 14:36:29 EDT,03/24/2023 14:41:37 EDT
SPXW 03/24/2023 00:00:00 EDT Call $3990.00,SPXW 03/24/2023 00:00:00 EDT Call $3990.00,Buy,Filled,1,1,@0.650,0.650,DAY,03/24/2023 14:01:47 EDT,03/24/2023 14:03:11 EDT
SPXW 03/24/2023 00:00:00 EDT Call $3995.00,SPXW 03/24/2023 00:00:00 EDT Call $3995.00,Sell,Filled,2,2,@0.300,0.300,DAY,03/24/2023 13:48:55 EDT,03/24/2023 13:48:55 EDT
SPXW 03/24/2023 00:00:00 EDT Call $3995.00,SPXW 03/24/2023 00:00:00 EDT Call $3995.00,Sell,Cancelled,0,2,@0.400,,DAY,03/24/2023 13:47:59 EDT,
SPXW 03/24/2023 00:00:00 EDT Call $3995.00,SPXW 03/24/2023 00:00:00 EDT Call $3995.00,Buy,Filled,1,1,@0.450,0.450,DAY,03/24/2023 13:47:27 EDT,03/24/2023 13:47:28 EDT
SPXW 03/24/2023 00:00:00 EDT Call $3995.00,SPXW 03/24/2023 00:00:00 EDT Call $3995.00,Buy,Filled,1,1,@0.700,0.700,DAY,03/24/2023 13:39:33 EDT,03/24/2023 13:39:42 EDT
SPXW 03/23/2023 00:00:00 EDT Put $3920.00,SPXW 03/23/2023 00:00:00 EDT Put $3920.00,Sell,Filled,1,1,2.95,2.95,DAY,03/23/2023 14:31:21 EDT,03/23/2023 14:31:21 EDT
SPXW 03/23/2023 00:00:00 EDT Put $3900.00,SPXW 03/23/2023 00:00:00 EDT Put $3900.00,Sell,Filled,1,1,@1.10,1.10,DAY,03/23/2023 14:28:45 EDT,03/23/2023 14:28:45 EDT
SPXW 03/23/2023 00:00:00 EDT Put $3920.00,SPXW 03/23/2023 00:00:00 EDT Put $3920.00,Buy,Filled,1,1,@1.10,1.10,DAY,03/23/2023 14:22:48 EDT,03/23/2023 14:22:48 EDT
SPXW 03/23/2023 00:00:00 EDT Put $3900.00,SPXW 03/23/2023 00:00:00 EDT Put $3900.00,Sell,Cancelled,0,1,@0.400,,DAY,03/23/2023 13:44:26 EDT,
SPXW 03/23/2023 00:00:00 EDT Put $3900.00,SPXW 03/23/2023 00:00:00 EDT Put $3900.00,Buy,Filled,1,1,@1.10,1.10,DAY,03/23/2023 13:27:26 EDT,03/23/2023 13:27:27 EDT
SPY 03/22/2023 00:00:00 EDT Put $399.00,SPY 03/22/2023 00:00:00 EDT Put $399.00,Sell,Filled,1,1,@1.45,1.45,DAY,03/22/2023 14:59:48 EDT,03/22/2023 14:59:52 EDT
SPY 03/22/2023 00:00:00 EDT Put $399.00,SPY 03/22/2023 00:00:00 EDT Put $399.00,Sell,Cancelled,0,1,@0.490,,DAY,03/22/2023 14:48:12 EDT,
SPY 03/22/2023 00:00:00 EDT Put $399.00,SPY 03/22/2023 00:00:00 EDT Put $399.00,Buy,Filled,1,1,@0.920,0.920,DAY,03/22/2023 14:45:11 EDT,03/22/2023 14:45:13 EDT
SPXW 03/21/2023 00:00:00 EDT Call $4005.00,SPXW 03/21/2023 00:00:00 EDT Call $4005.00,Sell,Filled,1,1,1.75,1.75,DAY,03/21/2023 15:39:14 EDT,03/21/2023 15:39:14 EDT
SPXW 03/21/2023 00:00:00 EDT Call $4005.00,SPXW 03/21/2023 00:00:00 EDT Call $4005.00,Buy,Filled,1,1,@0.650,0.650,DAY,03/21/2023 15:28:10 EDT,03/21/2023 15:28:14 EDT
SPXW 03/21/2023 00:00:00 EDT Call $4010.00,SPXW 03/21/2023 00:00:00 EDT Call $4010.00,Buy,Cancelled,0,1,@0.450,,DAY,03/21/2023 15:19:20 EDT,
SPXW 03/21/2023 00:00:00 EDT Put $3925.00,SPXW 03/21/2023 00:00:00 EDT Put $3925.00,Sell,Filled,1,1,0.100,0.100,DAY,03/21/2023 13:30:11 EDT,03/21/2023 13:30:11 EDT
SPXW 03/21/2023 00:00:00 EDT Put $3925.00,SPXW 03/21/2023 00:00:00 EDT Put $3925.00,Buy,Filled,1,1,@0.550,0.550,DAY,03/21/2023 11:03:46 EDT,03/21/2023 11:04:04 EDT
SPXW 03/21/2023 00:00:00 EDT Put $3925.00,SPXW 03/21/2023 00:00:00 EDT Put $3925.00,Buy,Cancelled,0,1,@0.700,,DAY,03/21/2023 10:42:11 EDT,
SPXW 03/20/2023 00:00:00 EDT Put $3875.00,SPXW 03/20/2023 00:00:00 EDT Put $3875.00,Sell,Filled,1,1,@1.15,1.15,DAY,03/20/2023 12:15:05 EDT,03/20/2023 12:16:08 EDT
SPXW 03/20/2023 00:00:00 EDT Put $3875.00,SPXW 03/20/2023 00:00:00 EDT Put $3875.00,Sell,Cancelled,0,1,@1.60,,DAY,03/20/2023 12:13:15 EDT,
SPXW 03/20/2023 00:00:00 EDT Put $3875.00,SPXW 03/20/2023 00:00:00 EDT Put $3875.00,Buy,Filled,1,1,@0.800,0.800,DAY,03/20/2023 11:13:31 EDT,03/20/2023 11:13:40 EDT
SPY 03/20/2023 00:00:00 EDT Call $395.00,SPY 03/20/2023 00:00:00 EDT Call $395.00,Sell,Filled,1,1,@0.540,0.540,DAY,03/20/2023 11:11:04 EDT,03/20/2023 11:11:04 EDT
SPY 03/20/2023 00:00:00 EDT Call $395.00,SPY 03/20/2023 00:00:00 EDT Call $395.00,Buy,Cancelled,0,1,@0.500,,DAY,03/20/2023 11:10:46 EDT,
SPY 03/20/2023 00:00:00 EDT Call $395.00,SPY 03/20/2023 00:00:00 EDT Call $395.00,Sell,Cancelled,0,1,@0.590,,DAY,03/20/2023 11:10:21 EDT,
SPY 03/20/2023 00:00:00 EDT Call $395.00,SPY 03/20/2023 00:00:00 EDT Call $395.00,Buy,Filled,1,1,@0.730,0.730,DAY,03/20/2023 11:02:11 EDT,03/20/2023 11:02:26 EDT
SPY 03/17/2023 00:00:00 EDT Put $388.00,SPY 03/17/2023 00:00:00 EDT Put $388.00,Sell,Filled,1,1,@0.630,0.630,DAY,03/17/2023 11:34:28 EDT,03/17/2023 11:34:30 EDT
SPY 03/17/2023 00:00:00 EDT Put $388.00,SPY 03/17/2023 00:00:00 EDT Put $388.00,Buy,Filled,1,1,@0.850,0.850,DAY,03/17/2023 11:29:23 EDT,03/17/2023 11:29:26 EDT
SPY 03/17/2023 00:00:00 EDT Put $388.00,SPY 03/17/2023 00:00:00 EDT Put $388.00,Sell,Filled,1,1,@0.730,0.730,DAY,03/17/2023 11:07:38 EDT,03/17/2023 11:07:59 EDT
SPY 03/17/2023 00:00:00 EDT Put $388.00,SPY 03/17/2023 00:00:00 EDT Put $388.00,Sell,Cancelled,0,1,@0.780,,DAY,03/17/2023 10:50:02 EDT,
SPY 03/17/2023 00:00:00 EDT Put $388.00,SPY 03/17/2023 00:00:00 EDT Put $388.00,Buy,Filled,1,1,@1.04,1.04,DAY,03/17/2023 10:45:18 EDT,03/17/2023 10:45:18 EDT
SPXW 03/16/2023 00:00:00 EDT Call $3980.00,SPXW 03/16/2023 00:00:00 EDT Call $3980.00,Sell,Filled,1,1,@1.45,1.45,DAY,03/16/2023 12:50:32 EDT,03/16/2023 12:50:32 EDT
SPXW 03/16/2023 00:00:00 EDT Call $3980.00,SPXW 03/16/2023 00:00:00 EDT Call $3980.00,Buy,Filled,1,1,@0.750,0.750,DAY,03/16/2023 12:27:19 EDT,03/16/2023 12:28:15 EDT
SPXW 03/16/2023 00:00:00 EDT Call $3980.00,SPXW 03/16/2023 00:00:00 EDT Call $3980.00,Sell,Filled,1,1,@0.600,0.600,DAY,03/16/2023 12:09:10 EDT,03/16/2023 12:09:13 EDT
SPXW 03/16/2023 00:00:00 EDT Call $3980.00,SPXW 03/16/2023 00:00:00 EDT Call $3980.00,Sell,Cancelled,0,1,@0.800,,DAY,03/16/2023 12:03:52 EDT,
SPXW 03/16/2023 00:00:00 EDT Call $3980.00,SPXW 03/16/2023 00:00:00 EDT Call $3980.00,Buy,Filled,1,1,@1.20,1.20,DAY,03/16/2023 11:26:26 EDT,03/16/2023 11:26:26 EDT
SPXW 03/15/2023 00:00:00 EDT Put $3845.00,SPXW 03/15/2023 00:00:00 EDT Put $3845.00,Sell,Filled,1,1,@0.100,0.100,DAY,03/15/2023 15:47:25 EDT,03/15/2023 15:48:09 EDT
SPXW 03/15/2023 00:00:00 EDT Put $3845.00,SPXW 03/15/2023 00:00:00 EDT Put $3845.00,Buy,Filled,1,1,@0.450,0.450,DAY,03/15/2023 15:42:06 EDT,03/15/2023 15:42:10 EDT
SPY 03/15/2023 00:00:00 EDT Put $384.00,SPY 03/15/2023 00:00:00 EDT Put $384.00,Sell,Filled,1,1,@1.20,1.20,DAY,03/15/2023 12:08:55 EDT,03/15/2023 12:09:09 EDT
SPY 03/15/2023 00:00:00 EDT Put $384.00,SPY 03/15/2023 00:00:00 EDT Put $384.00,Buy,Filled,1,1,@0.890,0.890,DAY,03/15/2023 11:56:44 EDT,03/15/2023 11:57:04 EDT
SPY 03/15/2023 00:00:00 EDT Put $384.00,SPY 03/15/2023 00:00:00 EDT Put $384.00,Sell,Filled,1,1,@0.680,0.680,DAY,03/15/2023 11:41:15 EDT,03/15/2023 11:41:35 EDT
SPY 03/15/2023 00:00:00 EDT Put $384.00,SPY 03/15/2023 00:00:00 EDT Put $384.00,Buy,Filled,1,1,@0.860,0.860,DAY,03/15/2023 11:38:48 EDT,03/15/2023 11:38:50 EDT
SPY 03/15/2023 00:00:00 EDT Put $384.00,SPY 03/15/2023 00:00:00 EDT Put $384.00,Buy,Cancelled,0,1,@0.730,,DAY,03/15/2023 11:22:56 EDT,
SPY 03/15/2023 00:00:00 EDT Put $382.00,SPY 03/15/2023 00:00:00 EDT Put $382.00,Buy,Cancelled,0,1,@0.680,,DAY,03/15/2023 09:50:19 EDT,
SPY 03/14/2023 00:00:00 EDT Call $396.00,SPY 03/14/2023 00:00:00 EDT Call $396.00,Sell,Filled,1,1,@0.260,0.260,DAY,03/14/2023 09:44:06 EDT,03/14/2023 09:44:06 EDT
SPY 03/14/2023 00:00:00 EDT Call $396.00,SPY 03/14/2023 00:00:00 EDT Call $396.00,Buy,Filled,1,1,@0.300,0.300,DAY,03/14/2023 09:39:30 EDT,03/14/2023 09:39:36 EDT
SPXW 03/13/2023 00:00:00 EDT Put $3835.00,SPXW 03/13/2023 00:00:00 EDT Put $3835.00,Sell,Filled,1,1,@1.55,1.55,DAY,03/13/2023 15:26:21 EDT,03/13/2023 15:26:21 EDT
SPXW 03/13/2023 00:00:00 EDT Put $3835.00,SPXW 03/13/2023 00:00:00 EDT Put $3835.00,Buy,Filled,1,1,@0.500,0.500,DAY,03/13/2023 15:21:35 EDT,03/13/2023 15:21:53 EDT
SPXW 03/13/2023 00:00:00 EDT Put $3840.00,SPXW 03/13/2023 00:00:00 EDT Put $3840.00,Buy,Cancelled,0,1,@0.350,,DAY,03/13/2023 15:20:35 EDT,
SPXW 03/13/2023 00:00:00 EDT Call $3930.00,SPXW 03/13/2023 00:00:00 EDT Call $3930.00,Sell,Filled,1,1,@0.200,0.200,DAY,03/13/2023 15:02:55 EDT,03/13/2023 15:03:55 EDT
SPXW 03/13/2023 00:00:00 EDT Call $3930.00,SPXW 03/13/2023 00:00:00 EDT Call $3930.00,Sell,Cancelled,0,1,@0.250,,DAY,03/13/2023 15:02:05 EDT,
SPXW 03/13/2023 00:00:00 EDT Call $3930.00,SPXW 03/13/2023 00:00:00 EDT Call $3930.00,Buy,Filled,1,1,@0.350,0.350,DAY,03/13/2023 14:58:26 EDT,03/13/2023 14:59:19 EDT
SPXW 03/13/2023 00:00:00 EDT Put $3820.00,SPXW 03/13/2023 00:00:00 EDT Put $3820.00,Buy,Cancelled,0,1,@0.200,,DAY,03/13/2023 14:50:47 EDT,
SPXW 03/13/2023 00:00:00 EDT Put $3820.00,SPXW 03/13/2023 00:00:00 EDT Put $3820.00,Sell,Filled,1,1,@0.300,0.300,DAY,03/13/2023 14:40:54 EDT,03/13/2023 14:41:37 EDT
SPXW 03/13/2023 00:00:00 EDT Put $3820.00,SPXW 03/13/2023 00:00:00 EDT Put $3820.00,Buy,Filled,1,1,@0.300,0.300,DAY,03/13/2023 14:38:13 EDT,03/13/2023 14:38:28 EDT
SPXW 03/09/2023 00:00:00 EST Call $4000.00,SPXW 03/09/2023 00:00:00 EST Call $4000.00,Sell,Filled,1,1,@0.050,0.050,DAY,03/09/2023 15:05:52 EST,03/09/2023 15:13:38 EST
SPXW 03/09/2023 00:00:00 EST Call $4000.00,SPXW 03/09/2023 00:00:00 EST Call $4000.00,Sell,Cancelled,0,1,@0.100,,DAY,03/09/2023 14:58:22 EST,
SPXW 03/09/2023 00:00:00 EST Call $4000.00,SPXW 03/09/2023 00:00:00 EST Call $4000.00,Buy,Filled,1,1,@0.200,0.200,DAY,03/09/2023 14:25:26 EST,03/09/2023 14:25:26 EST
SPXW 03/08/2023 00:00:00 EST Put $3970.00,SPXW 03/08/2023 00:00:00 EST Put $3970.00,Sell,Filled,1,1,@0.100,0.100,DAY,03/08/2023 15:42:27 EST,03/08/2023 15:42:27 EST
SPXW 03/08/2023 00:00:00 EST Put $3970.00,SPXW 03/08/2023 00:00:00 EST Put $3970.00,Buy,Filled,1,1,@0.150,0.150,DAY,03/08/2023 15:39:23 EST,03/08/2023 15:40:11 EST
SPY 03/08/2023 00:00:00 EST Put $397.00,SPY 03/08/2023 00:00:00 EST Put $397.00,Sell,Filled,1,1,@0.110,0.110,DAY,03/08/2023 15:35:46 EST,03/08/2023 15:35:46 EST
SPY 03/08/2023 00:00:00 EST Put $397.00,SPY 03/08/2023 00:00:00 EST Put $397.00,Sell,Cancelled,0,1,@0.310,,DAY,03/08/2023 14:28:39 EST,
SPY 03/08/2023 00:00:00 EST Put $397.00,SPY 03/08/2023 00:00:00 EST Put $397.00,Buy,Filled,1,1,@0.410,0.410,DAY,03/08/2023 14:24:55 EST,03/08/2023 14:25:12 EST
SPXW 03/07/2023 00:00:00 EST Call $4030.00,SPXW 03/07/2023 00:00:00 EST Call $4030.00,Sell,Filled,1,1,@0.100,0.100,DAY,03/07/2023 14:24:25 EST,03/07/2023 14:26:41 EST
SPXW 03/07/2023 00:00:00 EST Call $4030.00,SPXW 03/07/2023 00:00:00 EST Call $4030.00,Buy,Filled,1,1,@0.200,0.200,DAY,03/07/2023 14:00:19 EST,03/07/2023 14:01:12 EST
SPY 03/07/2023 00:00:00 EST Call $400.00,SPY 03/07/2023 00:00:00 EST Call $400.00,Sell,Filled,1,1,@0.490,0.490,DAY,03/07/2023 13:35:16 EST,03/07/2023 13:35:16 EST
SPY 03/07/2023 00:00:00 EST Call $400.00,SPY 03/07/2023 00:00:00 EST Call $400.00,Sell,Cancelled,0,1,@0.560,,DAY,03/07/2023 13:35:03 EST,
SPY 03/07/2023 00:00:00 EST Call $400.00,SPY 03/07/2023 00:00:00 EST Call $400.00,Buy,Filled,1,1,@0.730,0.730,DAY,03/07/2023 13:32:31 EST,03/07/2023 13:32:31 EST
SPY 03/06/2023 00:00:00 EST Call $407.00,SPY 03/06/2023 00:00:00 EST Call $407.00,Sell,Filled,1,1,@0.890,0.890,DAY,03/06/2023 10:52:20 EST,03/06/2023 10:52:21 EST
SPY 03/06/2023 00:00:00 EST Call $407.00,SPY 03/06/2023 00:00:00 EST Call $407.00,Buy,Filled,1,1,@0.460,0.460,DAY,03/06/2023 10:01:00 EST,03/06/2023 10:01:00 EST
SPXW 03/03/2023 00:00:00 EST Call $4055.00,SPXW 03/03/2023 00:00:00 EST Call $4055.00,Sell,Filled,1,1,@0.050,0.050,DAY,03/03/2023 15:54:08 EST,03/03/2023 15:54:16 EST
SPXW 03/03/2023 00:00:00 EST Call $4055.00,SPXW 03/03/2023 00:00:00 EST Call $4055.00,Buy,Filled,1,1,@0.050,0.050,DAY,03/03/2023 15:53:26 EST,03/03/2023 15:53:26 EST
SPXW 03/03/2023 00:00:00 EST Call $4060.00,SPXW 03/03/2023 00:00:00 EST Call $4060.00,Sell,Filled,1,1,@0.450,0.450,DAY,03/03/2023 14:36:05 EST,03/03/2023 14:36:05 EST
SPXW 03/03/2023 00:00:00 EST Call $4060.00,SPXW 03/03/2023 00:00:00 EST Call $4060.00,Sell,Cancelled,0,1,@0.350,,DAY,03/03/2023 14:19:53 EST,
SPXW 03/03/2023 00:00:00 EST Call $4060.00,SPXW 03/03/2023 00:00:00 EST Call $4060.00,Buy,Filled,1,1,@0.400,0.400,DAY,03/03/2023 14:12:08 EST,03/03/2023 14:12:08 EST
SPXW 03/03/2023 00:00:00 EST Call $4055.00,SPXW 03/03/2023 00:00:00 EST Call $4055.00,Buy,Cancelled,0,1,@0.500,,DAY,03/03/2023 14:10:37 EST,
SPXW 03/03/2023 00:00:00 EST Call $4055.00,SPXW 03/03/2023 00:00:00 EST Call $4055.00,Buy,Cancelled,0,1,@0.500,,DAY,03/03/2023 14:09:06 EST,
SPY 03/02/2023 00:00:00 EST Put $396.00,SPY 03/02/2023 00:00:00 EST Put $396.00,Sell,Filled,1,1,@0.300,0.300,DAY,03/02/2023 15:10:37 EST,03/02/2023 15:10:41 EST
SPY 03/02/2023 00:00:00 EST Put $395.00,SPY 03/02/2023 00:00:00 EST Put $395.00,Sell,Filled,1,1,@0.100,0.100,DAY,03/02/2023 15:10:25 EST,03/02/2023 15:12:09 EST
SPY 03/02/2023 00:00:00 EST Put $396.00,SPY 03/02/2023 00:00:00 EST Put $396.00,Sell,Cancelled,0,1,@0.240,,DAY,03/02/2023 15:01:14 EST,
SPY 03/02/2023 00:00:00 EST Call $399.00,SPY 03/02/2023 00:00:00 EST Call $399.00,Sell,Filled,2,2,@0.060,0.060,DAY,03/02/2023 14:45:36 EST,03/02/2023 14:45:36 EST
SPY 03/02/2023 00:00:00 EST Call $399.00,SPY 03/02/2023 00:00:00 EST Call $399.00,Buy,Filled,2,2,@0.140,0.140,DAY,03/02/2023 14:30:41 EST,03/02/2023 14:30:41 EST
SPY 03/02/2023 00:00:00 EST Call $398.00,SPY 03/02/2023 00:00:00 EST Call $398.00,Buy,Cancelled,0,1,@0.240,,DAY,03/02/2023 14:26:50 EST,
SPY 03/02/2023 00:00:00 EST Put $396.00,SPY 03/02/2023 00:00:00 EST Put $396.00,Buy,Filled,1,1,@0.570,0.570,DAY,03/02/2023 14:08:22 EST,03/02/2023 14:08:22 EST
SPY 03/02/2023 00:00:00 EST Put $395.00,SPY 03/02/2023 00:00:00 EST Put $395.00,Buy,Filled,1,1,@0.690,0.690,DAY,03/02/2023 13:38:10 EST,03/02/2023 13:38:12 EST
SPY 03/01/2023 00:00:00 EST Put $394.00,SPY 03/01/2023 00:00:00 EST Put $394.00,Sell,Filled,1,1,@0.770,0.770,DAY,03/01/2023 14:52:43 EST,03/01/2023 14:52:43 EST
SPY 03/01/2023 00:00:00 EST Put $394.00,SPY 03/01/2023 00:00:00 EST Put $394.00,Buy,Filled,1,1,@0.450,0.450,DAY,03/01/2023 14:10:34 EST,03/01/2023 14:10:34 EST
SPY 03/01/2023 00:00:00 EST Put $394.00,SPY 03/01/2023 00:00:00 EST Put $394.00,Sell,Filled,1,1,@0.550,0.550,DAY,03/01/2023 13:47:51 EST,03/01/2023 13:47:51 EST
SPY 03/01/2023 00:00:00 EST Put $394.00,SPY 03/01/2023 00:00:00 EST Put $394.00,Buy,Filled,1,1,@0.340,0.340,DAY,03/01/2023 13:00:52 EST,03/01/2023 13:00:52 EST
SPXW 02/28/2023 00:00:00 EST Call $4010.00,SPXW 02/28/2023 00:00:00 EST Call $4010.00,Buy,Cancelled,0,1,@0.050,,DAY,02/28/2023 15:10:00 EST,
SPY 02/28/2023 00:00:00 EST Call $400.00,SPY 02/28/2023 00:00:00 EST Call $400.00,Sell,Filled,1,1,@0.300,0.300,DAY,02/28/2023 09:51:02 EST,02/28/2023 09:51:57 EST
SPY 02/28/2023 00:00:00 EST Call $400.00,SPY 02/28/2023 00:00:00 EST Call $400.00,Buy,Filled,1,1,@0.300,0.300,DAY,02/28/2023 09:38:21 EST,02/28/2023 09:39:11 EST
SPY 02/16/2023 00:00:00 EST Put $407.00,SPY 02/16/2023 00:00:00 EST Put $407.00,Buy,Cancelled,0,1,@0.010,,DAY,02/16/2023 14:43:15 EST,
SPXW 02/14/2023 00:00:00 EST Put $4050.00,SPXW 02/14/2023 00:00:00 EST Put $4050.00,Sell,Cancelled,0,1,@0.050,,DAY,02/14/2023 14:34:40 EST,
SPXW 02/14/2023 00:00:00 EST Put $4050.00,SPXW 02/14/2023 00:00:00 EST Put $4050.00,Buy,Filled,1,1,@0.100,0.100,DAY,02/14/2023 14:08:16 EST,02/14/2023 14:08:17 EST
SPXW 02/10/2023 00:00:00 EST Call $4155.00,SPXW 02/10/2023 00:00:00 EST Call $4155.00,Sell,Filled,1,1,@0.050,0.050,DAY,02/10/2023 14:08:58 EST,02/10/2023 14:09:07 EST
SPXW 02/10/2023 00:00:00 EST Call $4155.00,SPXW 02/10/2023 00:00:00 EST Call $4155.00,Sell,Cancelled,0,1,@Market,,DAY,02/10/2023 14:08:36 EST,
SPXW 02/10/2023 00:00:00 EST Put $3985.00,SPXW 02/10/2023 00:00:00 EST Put $3985.00,Buy,Cancelled,0,1,@0.050,,DAY,02/10/2023 12:33:36 EST,
SPXW 02/10/2023 00:00:00 EST Put $3975.00,SPXW 02/10/2023 00:00:00 EST Put $3975.00,Buy,Cancelled,0,1,@0.050,,DAY,02/10/2023 11:27:29 EST,
SPXW 02/10/2023 00:00:00 EST Put $3960.00,SPXW 02/10/2023 00:00:00 EST Put $3960.00,Buy,Cancelled,0,1,@0.050,,DAY,02/10/2023 10:57:39 EST,
SPXW 02/10/2023 00:00:00 EST Call $4155.00,SPXW 02/10/2023 00:00:00 EST Call $4155.00,Buy,Filled,1,1,@0.400,0.400,DAY,02/10/2023 10:18:37 EST,02/10/2023 10:18:38 EST
QQQ 01/31/2023 00:00:00 EST Call $294.00,QQQ 01/31/2023 00:00:00 EST Call $294.00,Sell,Filled,1,1,@0.230,0.230,DAY,01/31/2023 12:07:55 EST,01/31/2023 12:07:55 EST
QQQ 01/31/2023 00:00:00 EST Call $294.00,QQQ 01/31/2023 00:00:00 EST Call $294.00,Buy,Filled,1,1,@0.540,0.540,DAY,01/31/2023 11:32:47 EST,01/31/2023 11:33:07 EST
QQQ 01/30/2023 00:00:00 EST Put $290.00,QQQ 01/30/2023 00:00:00 EST Put $290.00,Sell,Filled,1,1,@0.220,0.220,DAY,01/30/2023 13:07:35 EST,01/30/2023 13:07:35 EST
QQQ 01/30/2023 00:00:00 EST Put $290.00,QQQ 01/30/2023 00:00:00 EST Put $290.00,Sell,Cancelled,0,1,@0.260,,DAY,01/30/2023 12:56:16 EST,
QQQ 01/30/2023 00:00:00 EST Put $290.00,QQQ 01/30/2023 00:00:00 EST Put $290.00,Sell,Cancelled,0,1,@0.270,,DAY,01/30/2023 12:53:40 EST,
QQQ 01/30/2023 00:00:00 EST Put $290.00,QQQ 01/30/2023 00:00:00 EST Put $290.00,Buy,Filled,1,1,@0.430,0.430,DAY,01/30/2023 11:55:59 EST,01/30/2023 11:55:59 EST
QQQ 01/30/2023 00:00:00 EST Put $291.00,QQQ 01/30/2023 00:00:00 EST Put $291.00,Buy,Cancelled,0,1,@0.480,,DAY,01/30/2023 11:33:38 EST,
SPY 01/30/2023 00:00:00 EST Call $406.00,SPY 01/30/2023 00:00:00 EST Call $406.00,Sell,Filled,1,1,@0.440,0.440,DAY,01/30/2023 09:55:19 EST,01/30/2023 09:55:19 EST
SPY 01/30/2023 00:00:00 EST Call $406.00,SPY 01/30/2023 00:00:00 EST Call $406.00,Buy,Filled,1,1,@0.510,0.510,DAY,01/30/2023 09:39:26 EST,01/30/2023 09:39:26 EST
LCID 02/03/2023 00:00:00 EST Put $9.50,LCID 02/03/2023 00:00:00 EST Put $9.50,Buy,Cancelled,0,1,@0.470,,DAY,01/27/2023 14:04:08 EST,
LCID 02/03/2023 00:00:00 EST Put $8.50,LCID 02/03/2023 00:00:00 EST Put $8.50,Buy,Cancelled,0,1,@0.150,,DAY,01/27/2023 14:00:33 EST,
